id,date,type,org_id,location,description,cause,status
537d72b9-7b36-4727-a69c-97dda44a582d,2021-09-24 14:10:03,НС,ORG-A,Офис,Синтетическое описание инцидента 0,Синтетическая причина,Открытое
8e38f787-9d15-42bc-a2b4-2111a7c25dfb,2023-06-12 18:41:14,НС,ORG-B,Офис,Синтетическое описание инцидента 1,Синтетическая причина,расследуется
e7343d5b-70f3-4e93-8d50-45c175561933,2021-04-29 07:49:13,микротравма,ORG-C,Офис,Синтетическое описание инцидента 2,Синтетическая причина,Открытое
1e78e6aa-e9c1-440f-8af0-19c1da326635,2021-12-16 10:45:50,НС,ORG-A,Склад,Синтетическое описание инцидента 3,Синтетическая причина,закрытое
06c5cb20-a367-4fa0-8ed5-ebb57763d638,2021-09-22 21:15:01,микротравма,ORG-B,Цех 1,Синтетическое описание инцидента 4,Синтетическая причина,закрытое
e84ef63f-0f3f-4f27-aa20-8a292e7f8ad7,2023-07-15 16:32:41,опасная ситуация,ORG-C,Склад,Синтетическое описание инцидента 5,Синтетическая причина,расследуется
d8e559a5-ea3a-44d9-964c-e1f0f8724e55,2023-03-05 17:30:49,НС,ORG-B,Офис,Синтетическое описание инцидента 6,Синтетическая причина,расследуется
e4e99ba9-c5ad-4845-b81c-613cec7fa5db,2021-12-03 20:43:05,опасная ситуация,ORG-A,Площадка 2,Синтетическое описание инцидента 7,Синтетическая причина,Открытое
14c7eb80-bbe0-40da-858e-edd84ba21e35,2022-12-15 00:19:12,микротравма,ORG-C,Буровая 4,Синтетическое описание инцидента 8,Синтетическая причина,закрытое
2d1089be-76c2-4b1a-a0ae-d94ce700afc5,2022-01-03 14:08:58,опасная ситуация,ORG-A,Площадка 2,Синтетическое описание инцидента 9,Синтетическая причина,расследуется
d7a4e2a5-1b50-424e-8266-b27b39a52dce,2021-07-18 20:02:41,опасная ситуация,ORG-D,Офис,Синтетическое описание инцидента 10,Синтетическая причина,Открытое
4b113ee0-d170-4860-95f1-3649499852da,2023-10-28 21:30:43,опасная ситуация,ORG-C,Буровая 4,Синтетическое описание инцидента 11,Синтетическая причина,закрытое
edaf688d-3b12-49b8-8719-be0130cb62db,2021-07-03 21:32:28,микротравма,ORG-D,Склад,Синтетическое описание инцидента 12,Синтетическая причина,Открытое
4ec46c16-35c9-491d-ad4c-458e6f27635a,2023-02-02 22:56:05,НС,ORG-C,Буровая 4,Синтетическое описание инцидента 13,Синтетическая причина,Открытое
be0a89ee-cdbb-4913-bfa4-ab5d6cf0b3d4,2022-03-18 13:50:25,опасная ситуация,ORG-D,Буровая 4,Синтетическое описание инцидента 14,Синтетическая причина,расследуется
6635e7ac-d715-4990-a198-d31377c3a6c9,2021-02-14 11:27:55,НС,ORG-D,Офис,Синтетическое описание инцидента 15,Синтетическая причина,Открытое
b4d9e434-e56f-494c-8694-649a7b134aed,2022-11-20 09:00:33,микротравма,ORG-D,Площадка 2,Синтетическое описание инцидента 16,Синтетическая причина,расследуется
0f10a28b-226f-4319-b4d9-4032e693166a,2021-05-17 04:48:34,опасная ситуация,ORG-D,Склад,Синтетическое описание инцидента 17,Синтетическая причина,Открытое
24eeaf9b-deac-4aec-b6de-3ffdc8fc2cbd,2022-05-11 05:04:03,микротравма,ORG-D,Площадка 2,Синтетическое описание инцидента 18,Синтетическая причина,закрытое
badbefac-82c9-4d3a-9249-55bcc2237983,2021-01-14 15:05:43,опасная ситуация,ORG-B,Площадка 2,Синтетическое описание инцидента 19,Синтетическая причина,Открытое
06436e6e-e363-4597-af60-73e1f512471d,2021-08-28 11:40:53,микротравма,ORG-D,Площадка 2,Синтетическое описание инцидента 20,Синтетическая причина,закрытое
d811ae00-38fc-499d-8c8d-e0f7395bdc7a,2023-12-15 06:02:13,микротравма,ORG-B,Цех 1,Синтетическое описание инцидента 21,Синтетическая причина,закрытое
4cc24816-ae6c-41c8-9c28-087496a6d7ff,2023-01-09 11:42:23,микротравма,ORG-A,Буровая 4,Синтетическое описание инцидента 22,Синтетическая причина,расследуется
f5f27341-a4d4-45a9-bb39-9450c6e3a409,2022-08-04 22:47:37,микротравма,ORG-D,Цех 1,Синтетическое описание инцидента 23,Синтетическая причина,расследуется
b6e0fc18-ebef-4016-91a6-3c962da07542,2023-10-24 14:28:37,микротравма,ORG-C,Склад,Синтетическое описание инцидента 24,Синтетическая причина,закрытое
dc14c770-fe53-4b3d-a730-0267db007748,2022-10-01 05:00:21,микротравма,ORG-A,Склад,Синтетическое описание инцидента 25,Синтетическая причина,закрытое
0e561f68-2b58-40a7-980c-ee062684114e,2021-01-27 14:00:17,опасная ситуация,ORG-D,Цех 1,Синтетическое описание инцидента 26,Синтетическая причина,Открытое
5b002855-4d1b-4e5e-9beb-855e95ebc1e3,2021-03-18 10:03:29,микротравма,ORG-A,Офис,Синтетическое описание инцидента 27,Синтетическая причина,Открытое
efbc4ad2-dcd8-4a6a-b8c1-466530b22274,2022-03-02 19:10:43,микротравма,ORG-A,Буровая 4,Синтетическое описание инцидента 28,Синтетическая причина,закрытое
f159e8db-a9b7-4c3b-bf3d-73cc4ffe1d67,2021-07-09 07:07:52,микротравма,ORG-C,Офис,Синтетическое описание инцидента 29,Синтетическая причина,Открытое
4554684e-5f1c-4c35-815e-6c7935aad259,2022-12-04 22:47:23,НС,ORG-C,Склад,Синтетическое описание инцидента 30,Синтетическая причина,закрытое
cb4d54a0-9d76-4ef6-b0dd-c7f2450b67c0,2023-05-05 15:30:40,НС,ORG-C,Буровая 4,Синтетическое описание инцидента 31,Синтетическая причина,расследуется
e22ca9db-cd3b-4ac8-845d-6b1f26db0eb7,2021-06-24 20:39:53,микротравма,ORG-D,Цех 1,Синтетическое описание инцидента 32,Синтетическая причина,расследуется
62b599df-0a91-422d-adae-2a1b47368d9f,2021-12-01 15:54:35,опасная ситуация,ORG-A,Буровая 4,Синтетическое описание инцидента 33,Синтетическая причина,закрытое
a6c081a0-1b1c-4e3f-9c22-faf13ad0aec0,2023-12-18 12:17:37,опасная ситуация,ORG-B,Буровая 4,Синтетическое описание инцидента 34,Синтетическая причина,расследуется
cdb16aa0-13f9-4f92-a08e-74209b275395,2023-09-20 02:59:45,НС,ORG-D,Склад,Синтетическое описание инцидента 35,Синтетическая причина,закрытое
c53e0926-cece-4e9a-b248-044efbc68f7a,2023-04-16 07:33:06,опасная ситуация,ORG-C,Офис,Синтетическое описание инцидента 36,Синтетическая причина,расследуется
4d909f6b-aa30-4534-b936-8b80ae5fc127,2023-05-03 07:10:15,опасная ситуация,ORG-C,Офис,Синтетическое описание инцидента 37,Синтетическая причина,расследуется
062bfd55-9958-49c0-95f6-b7afb352592b,2021-01-14 02:01:54,опасная ситуация,ORG-D,Цех 1,Синтетическое описание инцидента 38,Синтетическая причина,Открытое
82f47884-7522-419f-8b96-fad0dddb9505,2023-02-28 11:31:58,микротравма,ORG-A,Буровая 4,Синтетическое описание инцидента 39,Синтетическая причина,Открытое
1cd0f984-9cd5-4adb-a390-122b556dd16b,2021-08-09 11:46:32,микротравма,ORG-B,Буровая 4,Синтетическое описание инцидента 40,Синтетическая причина,закрытое
0d1e9294-e70b-4398-9a69-e01552f6df06,2021-04-26 06:00:36,микротравма,ORG-D,Площадка 2,Синтетическое описание инцидента 41,Синтетическая причина,закрытое
74ea2407-e7f3-4f55-9701-2e124d59afdd,2023-10-06 10:16:24,опасная ситуация,ORG-B,Площадка 2,Синтетическое описание инцидента 42,Синтетическая причина,расследуется
d5dac571-eed2-4d40-b141-4614a72d4498,2022-10-15 14:37:16,опасная ситуация,ORG-B,Буровая 4,Синтетическое описание инцидента 43,Синтетическая причина,Открытое
8bf14ae2-f92d-4217-b958-1028e1348ac3,2022-08-01 19:31:47,микротравма,ORG-D,Буровая 4,Синтетическое описание инцидента 44,Синтетическая причина,Открытое
c588f772-5099-41a9-8fb6-ad675a193c67,2023-01-07 17:15:56,НС,ORG-D,Цех 1,Синтетическое описание инцидента 45,Синтетическая причина,Открытое
4c28159f-894d-4ffa-bdb5-dfba292df9a1,2023-05-26 13:44:34,НС,ORG-C,Цех 1,Синтетическое описание инцидента 46,Синтетическая причина,Открытое
679751c2-54d0-4b20-84b0-d3e6feca6b3e,2023-03-26 15:41:21,опасная ситуация,ORG-D,Площадка 2,Синтетическое описание инцидента 47,Синтетическая причина,расследуется
0f764da9-ac35-4e95-a9e1-75dd9e613032,2022-06-29 13:32:36,опасная ситуация,ORG-B,Буровая 4,Синтетическое описание инцидента 48,Синтетическая причина,Открытое
932ecb25-b7e2-437e-ace4-2f2b8624fff4,2023-07-03 05:25:34,опасная ситуация,ORG-C,Офис,Синтетическое описание инцидента 49,Синтетическая причина,закрытое
fef55d13-bd16-43b7-be11-b679e6603601,2021-07-15 04:42:30,НС,ORG-D,Склад,Синтетическое описание инцидента 50,Синтетическая причина,расследуется
abe21aa3-692d-431b-a093-ce6bbf29b21d,2023-05-23 03:29:23,опасная ситуация,ORG-B,Склад,Синтетическое описание инцидента 51,Синтетическая причина,закрытое
e19e9e4b-9ad0-4603-9917-1cade3f1519b,2023-11-08 00:30:38,опасная ситуация,ORG-A,Площадка 2,Синтетическое описание инцидента 52,Синтетическая причина,Открытое
5dbbd1d7-8897-4610-9162-70453f55af63,2022-03-20 14:56:09,опасная ситуация,ORG-A,Склад,Синтетическое описание инцидента 53,Синтетическая причина,закрытое
7ccda074-25b2-4d64-aa1d-db435d39f5ea,2023-05-25 13:31:58,микротравма,ORG-B,Площадка 2,Синтетическое описание инцидента 54,Синтетическая причина,Открытое
dff3b3a3-f95f-45b6-b4e1-7fceb5f9b5e1,2021-11-21 00:32:56,опасная ситуация,ORG-C,Офис,Синтетическое описание инцидента 55,Синтетическая причина,Открытое
1af4e551-5efd-4271-801c-883112632d31,2021-05-12 08:04:31,НС,ORG-A,Цех 1,Синтетическое описание инцидента 56,Синтетическая причина,Открытое
05e68c02-cb3c-415c-82de-3915ae0c71f7,2021-10-09 16:55:18,опасная ситуация,ORG-A,Офис,Синтетическое описание инцидента 57,Синтетическая причина,закрытое
2199dd7f-33a6-4706-9591-f5006ab16c6a,2023-08-07 01:39:21,НС,ORG-C,Буровая 4,Синтетическое описание инцидента 58,Синтетическая причина,Открытое
42c332de-b7e9-495e-a477-68880b338431,2023-04-21 04:51:06,опасная ситуация,ORG-B,Площадка 2,Синтетическое описание инцидента 59,Синтетическая причина,закрытое
f830b6a7-6af1-4c0e-ba33-7e6dd98f0252,2022-06-30 16:30:32,НС,ORG-C,Цех 1,Синтетическое описание инцидента 60,Синтетическая причина,расследуется
c1a16641-def7-49db-a69d-044f0de476a8,2022-02-01 04:36:17,НС,ORG-D,Буровая 4,Синтетическое описание инцидента 61,Синтетическая причина,закрытое
3e0d7142-5b32-4584-84b2-6fa0ee60fb3b,2021-09-11 07:27:56,НС,ORG-C,Площадка 2,Синтетическое описание инцидента 62,Синтетическая причина,Открытое
87f7e786-5038-4d77-ab22-c6514d09f5fa,2022-02-21 22:29:20,НС,ORG-D,Площадка 2,Синтетическое описание инцидента 63,Синтетическая причина,расследуется
1a7effa9-b521-44eb-b003-87bba7a0ca7f,2021-11-10 23:23:13,опасная ситуация,ORG-A,Буровая 4,Синтетическое описание инцидента 64,Синтетическая причина,Открытое
8da7f472-aa1e-47f9-a492-507c30061cac,2021-01-31 17:54:13,опасная ситуация,ORG-D,Площадка 2,Синтетическое описание инцидента 65,Синтетическая причина,Открытое
ded90355-cdc6-493b-a966-ec3ba78baa4a,2023-11-17 05:26:40,микротравма,ORG-D,Цех 1,Синтетическое описание инцидента 66,Синтетическая причина,Открытое
899ee3e5-efbb-4eb3-a84b-7aa3c653a2e5,2021-10-10 18:11:39,опасная ситуация,ORG-A,Площадка 2,Синтетическое описание инцидента 67,Синтетическая причина,Открытое
932d07e0-cd76-4b4d-9e85-dbd335612e0c,2023-02-26 04:20:41,НС,ORG-B,Офис,Синтетическое описание инцидента 68,Синтетическая причина,расследуется
6431bdc7-9298-4783-ba4e-80698e4bba30,2023-09-26 08:13:31,опасная ситуация,ORG-D,Площадка 2,Синтетическое описание инцидента 69,Синтетическая причина,расследуется
5ee708b5-c955-496b-8635-8e6f6c147a3e,2022-09-15 14:32:07,микротравма,ORG-C,Склад,Синтетическое описание инцидента 70,Синтетическая причина,расследуется
630ac10b-a255-4e07-9b9c-b2bc7936d552,2022-03-23 02:55:40,опасная ситуация,ORG-A,Склад,Синтетическое описание инцидента 71,Синтетическая причина,Открытое
dc7d8ac9-59bc-48a8-8078-232a29103e36,2022-05-30 17:42:33,опасная ситуация,ORG-C,Буровая 4,Синтетическое описание инцидента 72,Синтетическая причина,расследуется
221525f5-b573-4a05-acfe-19eb132d0a11,2022-12-30 01:34:58,микротравма,ORG-A,Цех 1,Синтетическое описание инцидента 73,Синтетическая причина,закрытое
37765913-da72-47e7-91da-ca3ffa5ce8a8,2021-04-12 22:32:27,опасная ситуация,ORG-B,Склад,Синтетическое описание инцидента 74,Синтетическая причина,Открытое
3329d27a-b091-4f56-bfdc-06b53542595c,2021-01-17 19:13:29,опасная ситуация,ORG-A,Цех 1,Синтетическое описание инцидента 75,Синтетическая причина,расследуется
c6107617-4c4c-4e32-bf1d-1bb2fdbd9de3,2023-05-03 05:42:30,опасная ситуация,ORG-C,Офис,Синтетическое описание инцидента 76,Синтетическая причина,Открытое
79aa3fc1-70ad-42b2-93a5-6e91942785ac,2022-02-17 01:29:38,НС,ORG-D,Офис,Синтетическое описание инцидента 77,Синтетическая причина,закрытое
e1314fbf-40e1-47cd-bfdf-1fc4031444b7,2022-05-04 06:30:32,микротравма,ORG-C,Цех 1,Синтетическое описание инцидента 78,Синтетическая причина,расследуется
73fee87d-119b-4fec-96db-503d8be22ebb,2022-03-17 02:01:36,НС,ORG-A,Офис,Синтетическое описание инцидента 79,Синтетическая причина,расследуется
f5add8ae-ad9c-4b46-8782-ecdd662c3170,2021-12-01 19:16:40,микротравма,ORG-B,Цех 1,Синтетическое описание инцидента 80,Синтетическая причина,расследуется
e3a4a04e-6e1a-4901-bfea-d8dc19670455,2023-02-19 23:27:51,НС,ORG-A,Цех 1,Синтетическое описание инцидента 81,Синтетическая причина,расследуется
82f52870-05b1-4b16-b777-10ac0925fee7,2021-04-09 08:38:18,опасная ситуация,ORG-C,Цех 1,Синтетическое описание инцидента 82,Синтетическая причина,расследуется
aa133cff-e00b-4ff5-8a56-2faa570ab367,2022-01-14 05:15:24,НС,ORG-D,Буровая 4,Синтетическое описание инцидента 83,Синтетическая причина,Открытое
57735635-774d-4e3f-b9c7-a88c291878da,2023-09-20 14:42:47,опасная ситуация,ORG-C,Площадка 2,Синтетическое описание инцидента 84,Синтетическая причина,расследуется
54e3e5d0-646a-4a74-a62c-27f6aabafab2,2021-05-17 01:03:37,НС,ORG-A,Площадка 2,Синтетическое описание инцидента 85,Синтетическая причина,закрытое
68727344-cedf-43cd-b86f-6eb4d7c8d5db,2021-08-15 23:54:54,опасная ситуация,ORG-B,Цех 1,Синтетическое описание инцидента 86,Синтетическая причина,закрытое
fc5b36e6-1e55-4f71-a9c5-5db46a808a20,2022-01-28 02:55:43,микротравма,ORG-A,Офис,Синтетическое описание инцидента 87,Синтетическая причина,закрытое
207f8421-62bf-4ce8-9dc9-57ef5fd148a3,2023-04-17 03:24:17,опасная ситуация,ORG-D,Цех 1,Синтетическое описание инцидента 88,Синтетическая причина,расследуется
e8801dfb-e58a-404d-bd8b-13faceceaec4,2021-06-20 22:53:27,микротравма,ORG-B,Площадка 2,Синтетическое описание инцидента 89,Синтетическая причина,закрытое
d1a1e8aa-2062-4a34-9d12-d903dcdbdf71,2023-01-05 05:31:07,микротравма,ORG-D,Буровая 4,Синтетическое описание инцидента 90,Синтетическая причина,Открытое
a7545122-e6a3-4c67-b01c-d4aaef05e3bc,2021-05-07 04:58:37,НС,ORG-A,Цех 1,Синтетическое описание инцидента 91,Синтетическая причина,закрытое
306c349c-8ad5-44e6-bbc0-e678d6f9cdbe,2023-06-09 23:08:54,микротравма,ORG-B,Цех 1,Синтетическое описание инцидента 92,Синтетическая причина,закрытое
1aca5cee-d769-4fc0-b263-174e290676d4,2021-08-02 11:01:43,опасная ситуация,ORG-B,Офис,Синтетическое описание инцидента 93,Синтетическая причина,расследуется
5e080c62-16b7-453a-ae87-72a4363de9d8,2022-10-05 05:15:04,микротравма,ORG-D,Цех 1,Синтетическое описание инцидента 94,Синтетическая причина,закрытое
f7e8de0f-908d-4fdb-b2d3-9d0856b2bd63,2022-04-21 23:14:06,опасная ситуация,ORG-D,Буровая 4,Синтетическое описание инцидента 95,Синтетическая причина,Открытое
04391bb0-d683-40f8-aef6-c6d6b0e35f56,2021-08-30 22:25:21,микротравма,ORG-A,Офис,Синтетическое описание инцидента 96,Синтетическая причина,Открытое
61f8a7b2-c35d-41f1-af87-3a2904e1386a,2023-12-22 23:13:15,НС,ORG-A,Склад,Синтетическое описание инцидента 97,Синтетическая причина,Открытое
d9d50098-086d-469c-9f0b-aab2e82fb0bd,2021-06-17 02:50:14,опасная ситуация,ORG-C,Буровая 4,Синтетическое описание инцидента 98,Синтетическая причина,Открытое
33fd3989-a1de-491c-a5a5-6e280e44ffcf,2023-10-09 15:21:47,микротравма,ORG-D,Цех 1,Синтетическое описание инцидента 99,Синтетическая причина,Открытое
216fa7a0-842c-4000-9966-275f5777d9b1,2023-10-25 13:13:40,НС,ORG-C,Цех 1,Синтетическое описание инцидента 100,Синтетическая причина,Открытое
4d43579a-00e4-4ea1-be8a-c9face51da56,2021-05-15 16:33:14,опасная ситуация,ORG-B,Офис,Синтетическое описание инцидента 101,Синтетическая причина,Открытое
a498cff8-b1cf-4d5d-95b2-1ebeb74e736f,2022-02-10 20:57:31,опасная ситуация,ORG-D,Цех 1,Синтетическое описание инцидента 102,Синтетическая причина,расследуется
c59263da-ee95-43d9-a817-98880c2c0142,2021-12-18 21:22:35,опасная ситуация,ORG-D,Буровая 4,Синтетическое описание инцидента 103,Синтетическая причина,расследуется
bdd14d67-3a8c-462b-b1db-1f7779145698,2023-04-25 01:31:10,опасная ситуация,ORG-A,Склад,Синтетическое описание инцидента 104,Синтетическая причина,закрытое
aa4cb34d-7587-4409-ad76-a0a095c69688,2021-10-08 08:13:08,микротравма,ORG-C,Цех 1,Синтетическое описание инцидента 105,Синтетическая причина,Открытое
379b58c1-c69f-47f1-9346-72f45a02cd42,2023-09-11 08:17:26,микротравма,ORG-D,Офис,Синтетическое описание инцидента 106,Синтетическая причина,расследуется
a743ba6d-7f6c-4b8b-a775-5b0335a1ce4c,2021-04-15 06:29:28,НС,ORG-C,Склад,Синтетическое описание инцидента 107,Синтетическая причина,закрытое
9c6ee13b-60c0-48f0-ab23-8caa09f27fff,2022-11-13 04:33:49,микротравма,ORG-C,Площадка 2,Синтетическое описание инцидента 108,Синтетическая причина,расследуется
fe47d305-5f62-4d71-9e21-34ab93872134,2023-10-05 23:22:55,НС,ORG-C,Офис,Синтетическое описание инцидента 109,Синтетическая причина,Открытое
867ec0d0-9bb1-44b9-88ee-b677b3e3b56f,2023-03-27 23:12:04,микротравма,ORG-B,Цех 1,Синтетическое описание инцидента 110,Синтетическая причина,Открытое
92acff00-5c71-4869-aaff-1a5a503d60ab,2021-09-22 13:11:18,опасная ситуация,ORG-C,Цех 1,Синтетическое описание инцидента 111,Синтетическая причина,расследуется
d321e5d8-cab4-4fbf-8fed-3e5ba2b65517,2023-09-15 15:41:38,опасная ситуация,ORG-B,Офис,Синтетическое описание инцидента 112,Синтетическая причина,расследуется
cfeaeb09-7795-41fd-9ab8-8722ae1d434b,2023-04-11 23:02:48,микротравма,ORG-A,Склад,Синтетическое описание инцидента 113,Синтетическая причина,расследуется
295731f8-28ac-4b3c-bd34-f157c9664263,2022-07-21 23:15:04,НС,ORG-D,Цех 1,Синтетическое описание инцидента 114,Синтетическая причина,закрытое
5e745439-1f42-4aa0-8def-80d811953878,2023-08-22 21:32:39,НС,ORG-D,Офис,Синтетическое описание инцидента 115,Синтетическая причина,расследуется
4be8e71e-250b-4016-9bf2-23874919428a,2022-07-03 01:38:35,опасная ситуация,ORG-B,Офис,Синтетическое описание инцидента 116,Синтетическая причина,закрытое
c119f435-0812-4353-a3cf-a7aaea0f1524,2023-09-29 11:34:53,НС,ORG-C,Офис,Синтетическое описание инцидента 117,Синтетическая причина,Открытое
73f4c53d-f969-496c-bcdd-2f457ec086b7,2023-05-26 03:01:22,микротравма,ORG-C,Цех 1,Синтетическое описание инцидента 118,Синтетическая причина,расследуется
293921a2-336d-48c9-9ea8-7da1df41a5c1,2022-04-04 22:01:26,НС,ORG-B,Склад,Синтетическое описание инцидента 119,Синтетическая причина,расследуется
b8f00293-586e-483d-bc40-21401f8d9f7c,2023-08-03 23:43:28,микротравма,ORG-A,Буровая 4,Синтетическое описание инцидента 120,Синтетическая причина,закрытое
f96346ef-57d7-4231-9ca2-65f62c1f117e,2023-06-14 21:04:12,опасная ситуация,ORG-B,Площадка 2,Синтетическое описание инцидента 121,Синтетическая причина,Открытое
0c294654-a006-4840-a4d6-2227cda6480d,2022-09-19 19:07:55,микротравма,ORG-C,Офис,Синтетическое описание инцидента 122,Синтетическая причина,расследуется
d8316fb8-2e51-4f5b-b7b6-16abb7af7023,2022-06-27 15:01:02,опасная ситуация,ORG-C,Склад,Синтетическое описание инцидента 123,Синтетическая причина,расследуется
8c961031-a433-4db0-b4b5-a664244a22aa,2022-04-23 02:11:51,опасная ситуация,ORG-C,Склад,Синтетическое описание инцидента 124,Синтетическая причина,закрытое
4c57142c-958a-4c0a-840c-51209cf42040,2021-06-10 21:02:13,опасная ситуация,ORG-C,Цех 1,Синтетическое описание инцидента 125,Синтетическая причина,расследуется
b8dc9924-c435-4ca3-b8b6-c113050a120b,2023-08-18 23:25:24,опасная ситуация,ORG-A,Склад,Синтетическое описание инцидента 126,Синтетическая причина,закрытое
26fa9748-bbf5-409e-a3aa-b1d908f9d666,2021-04-02 01:14:33,микротравма,ORG-A,Цех 1,Синтетическое описание инцидента 127,Синтетическая причина,расследуется
6d511274-61d6-485d-869e-70e4fd77dd3f,2023-02-13 19:52:41,микротравма,ORG-B,Склад,Синтетическое описание инцидента 128,Синтетическая причина,расследуется
0d1db529-0221-43b5-8512-0374feea731d,2023-04-27 05:59:52,микротравма,ORG-C,Цех 1,Синтетическое описание инцидента 129,Синтетическая причина,закрытое
f0bad1b6-d239-4a8e-b39f-8b306ba5f971,2022-11-15 23:32:36,НС,ORG-D,Офис,Синтетическое описание инцидента 130,Синтетическая причина,Открытое
48b9a290-c87a-433d-a1b7-28404e5d047b,2023-05-01 09:08:48,НС,ORG-C,Площадка 2,Синтетическое описание инцидента 131,Синтетическая причина,закрытое
7b537c45-619a-4a15-b07d-e34941c42163,2022-09-19 21:05:07,опасная ситуация,ORG-A,Цех 1,Синтетическое описание инцидента 132,Синтетическая причина,расследуется
6cded338-8001-425a-8f62-b79f85f1e79a,2023-10-11 01:54:20,опасная ситуация,ORG-C,Буровая 4,Синтетическое описание инцидента 133,Синтетическая причина,расследуется
a8d3d210-1dae-49c3-b252-ff09cace376a,2022-11-03 07:51:59,опасная ситуация,ORG-C,Офис,Синтетическое описание инцидента 134,Синтетическая причина,закрытое
97e18716-7dc3-4d14-85d2-1d5f6f5e90d8,2023-06-22 04:48:04,опасная ситуация,ORG-B,Площадка 2,Синтетическое описание инцидента 135,Синтетическая причина,Открытое
85604658-5212-490c-960e-35af4f0686e0,2021-08-02 11:42:46,опасная ситуация,ORG-B,Буровая 4,Синтетическое описание инцидента 136,Синтетическая причина,Открытое
d6a37c1b-35ee-4427-90d5-df5bff083ec3,2022-02-11 17:52:15,опасная ситуация,ORG-B,Цех 1,Синтетическое описание инцидента 137,Синтетическая причина,закрытое
38d4ea83-dd78-44ff-a5c5-318e7174d013,2022-07-19 03:55:01,опасная ситуация,ORG-D,Буровая 4,Синтетическое описание инцидента 138,Синтетическая причина,закрытое
ef3f5ddf-54e7-4e12-aef6-0c3bade2ab97,2023-11-11 13:31:44,микротравма,ORG-D,Склад,Синтетическое описание инцидента 139,Синтетическая причина,закрытое
db2c00c2-c819-4d2a-942e-4403437f7457,2022-04-18 14:40:51,НС,ORG-B,Площадка 2,Синтетическое описание инцидента 140,Синтетическая причина,расследуется
1975fda5-8c1f-4618-8b08-2f172b4d192c,2022-06-06 06:54:22,микротравма,ORG-B,Офис,Синтетическое описание инцидента 141,Синтетическая причина,расследуется
d3f15def-bd2b-47ff-bf73-4897b11c427f,2021-02-04 06:54:36,опасная ситуация,ORG-C,Буровая 4,Синтетическое описание инцидента 142,Синтетическая причина,Открытое
2e2525a0-6351-4233-b8ab-ca2bfdce7cf2,2022-10-07 20:00:16,микротравма,ORG-C,Офис,Синтетическое описание инцидента 143,Синтетическая причина,Открытое
290e8015-6289-47ec-9653-2f366ec1fca2,2022-05-02 17:32:36,НС,ORG-C,Площадка 2,Синтетическое описание инцидента 144,Синтетическая причина,расследуется
cd208024-1e3b-459d-bde7-a0c13c871197,2021-03-26 01:28:44,НС,ORG-C,Площадка 2,Синтетическое описание инцидента 145,Синтетическая причина,расследуется
352e0532-38ff-4208-b442-cea8efbc700e,2022-10-28 11:36:53,микротравма,ORG-B,Офис,Синтетическое описание инцидента 146,Синтетическая причина,Открытое
bf3b9db5-f5b2-4b1e-9c7e-19aef26b801a,2023-08-11 00:51:52,опасная ситуация,ORG-D,Цех 1,Синтетическое описание инцидента 147,Синтетическая причина,закрытое
160598ca-2171-4f0d-8ac5-a0ae476aaa74,2022-08-19 01:59:29,НС,ORG-C,Буровая 4,Синтетическое описание инцидента 148,Синтетическая причина,закрытое
9537dd11-8d39-4fa1-89bc-0f51d9935d96,2023-10-26 05:32:58,микротравма,ORG-A,Площадка 2,Синтетическое описание инцидента 149,Синтетическая причина,закрытое
00c93620-8cd6-4926-b265-57d9d0470450,2021-09-24 15:50:30,НС,ORG-D,Склад,Синтетическое описание инцидента 150,Синтетическая причина,расследуется
571e1f55-37ef-4e47-9f88-d90b3d4519f5,2022-08-05 22:11:11,опасная ситуация,ORG-A,Буровая 4,Синтетическое описание инцидента 151,Синтетическая причина,расследуется
fd167eb7-344d-4d2f-9df3-d54bcd2bfda9,2021-03-18 05:03:58,НС,ORG-A,Склад,Синтетическое описание инцидента 152,Синтетическая причина,закрытое
dc365a54-9803-4111-ac64-abbe322a7f88,2021-08-21 19:59:01,НС,ORG-B,Буровая 4,Синтетическое описание инцидента 153,Синтетическая причина,закрытое
3e10bb65-cab1-409f-a7b9-607d4635a250,2022-05-31 12:05:43,опасная ситуация,ORG-B,Буровая 4,Синтетическое описание инцидента 154,Синтетическая причина,расследуется
f56201c1-1983-45e0-a055-147f437ccea0,2021-12-27 23:23:45,микротравма,ORG-B,Цех 1,Синтетическое описание инцидента 155,Синтетическая причина,закрытое
a5e44b7a-2ab5-4f19-84ce-e6bee3b14e78,2022-10-12 23:55:03,опасная ситуация,ORG-C,Площадка 2,Синтетическое описание инцидента 156,Синтетическая причина,закрытое
eccf6c32-1736-4c5a-a079-682adaf0c680,2022-04-28 23:05:09,опасная ситуация,ORG-D,Буровая 4,Синтетическое описание инцидента 157,Синтетическая причина,закрытое
91bd400f-c0f7-488b-9449-6b6fa347ed84,2022-07-13 14:25:47,НС,ORG-C,Офис,Синтетическое описание инцидента 158,Синтетическая причина,Открытое
fde2d251-d179-483c-b597-2902b11a9b07,2021-10-05 21:37:26,НС,ORG-C,Цех 1,Синтетическое описание инцидента 159,Синтетическая причина,Открытое
e0cac880-a520-4628-97b9-b6fabd93e26b,2023-07-07 05:26:13,опасная ситуация,ORG-D,Цех 1,Синтетическое описание инцидента 160,Синтетическая причина,закрытое
b68c665d-0a66-4978-9b0e-d555e0481113,2022-12-20 06:21:40,НС,ORG-C,Площадка 2,Синтетическое описание инцидента 161,Синтетическая причина,закрытое
27749775-0bf1-4d8f-8d35-946e04eee2af,2022-01-04 07:10:11,опасная ситуация,ORG-D,Офис,Синтетическое описание инцидента 162,Синтетическая причина,расследуется
9defd1f2-55a7-4e5f-8f20-b03437d18ba0,2022-06-20 16:42:28,НС,ORG-C,Цех 1,Синтетическое описание инцидента 163,Синтетическая причина,закрытое
be0d65b9-2f83-43f5-8490-ee44b47f237f,2022-11-24 00:40:23,НС,ORG-A,Площадка 2,Синтетическое описание инцидента 164,Синтетическая причина,Открытое
20140afc-48f0-48cc-a46c-71bb1c2c6c20,2022-09-21 14:04:20,НС,ORG-D,Цех 1,Синтетическое описание инцидента 165,Синтетическая причина,Открытое
a3119aa4-7da1-47c2-ab1d-824946a3e10b,2022-04-20 14:07:13,НС,ORG-D,Цех 1,Синтетическое описание инцидента 166,Синтетическая причина,закрытое
d867a63d-516e-4620-9630-b511213fcefa,2023-05-20 06:18:49,опасная ситуация,ORG-C,Буровая 4,Синтетическое описание инцидента 167,Синтетическая причина,Открытое
9819f53a-4873-4790-bf9b-52e4fd866443,2023-09-24 11:53:56,микротравма,ORG-B,Офис,Синтетическое описание инцидента 168,Синтетическая причина,Открытое
a3fffcb0-6b48-4e86-9bba-7e3249841566,2022-10-03 11:47:39,микротравма,ORG-B,Площадка 2,Синтетическое описание инцидента 169,Синтетическая причина,расследуется
73d47468-f0b1-4a67-9165-731335ea547b,2021-05-01 11:42:52,опасная ситуация,ORG-C,Цех 1,Синтетическое описание инцидента 170,Синтетическая причина,закрытое
73cc22b2-9321-4ba6-9e97-2470c77ff9ea,2023-06-08 10:05:49,НС,ORG-C,Офис,Синтетическое описание инцидента 171,Синтетическая причина,Открытое
bc191552-264f-42b0-a52e-312645f014df,2023-10-05 06:50:49,опасная ситуация,ORG-D,Буровая 4,Синтетическое описание инцидента 172,Синтетическая причина,Открытое
967634a7-53be-41f9-839b-7858f0f9d0ef,2021-08-14 20:08:09,опасная ситуация,ORG-A,Цех 1,Синтетическое описание инцидента 173,Синтетическая причина,расследуется
f8e3fec8-5c19-4208-bfdd-aff28b969216,2022-02-04 16:30:48,микротравма,ORG-D,Склад,Синтетическое описание инцидента 174,Синтетическая причина,закрытое
e1707ffb-ebf2-4518-9861-45d194334b03,2021-10-29 17:05:41,опасная ситуация,ORG-A,Цех 1,Синтетическое описание инцидента 175,Синтетическая причина,Открытое
57736444-db24-4a4e-8268-2d576d20dbe6,2021-06-22 07:06:10,опасная ситуация,ORG-A,Офис,Синтетическое описание инцидента 176,Синтетическая причина,Открытое
eaf6c7f8-6283-45e5-b8b0-296744252ce7,2021-10-30 11:06:07,НС,ORG-A,Площадка 2,Синтетическое описание инцидента 177,Синтетическая причина,закрытое
51d1c412-110b-4874-aa4a-617d81ddd244,2022-03-13 08:26:23,НС,ORG-D,Цех 1,Синтетическое описание инцидента 178,Синтетическая причина,закрытое
d5eb4172-79c2-43a2-9ae6-9b345dfc69ce,2023-06-25 14:35:50,НС,ORG-A,Буровая 4,Синтетическое описание инцидента 179,Синтетическая причина,расследуется
51e89584-3421-4d72-831b-2ff9cfd8c473,2023-02-23 05:48:46,НС,ORG-D,Цех 1,Синтетическое описание инцидента 180,Синтетическая причина,Открытое
e41a14cf-d0cd-4f8b-97a9-96f69578fc66,2023-11-17 01:01:45,микротравма,ORG-C,Цех 1,Синтетическое описание инцидента 181,Синтетическая причина,расследуется
7586f382-89d3-4bf8-9890-7306f22b5fb0,2022-08-25 21:17:39,НС,ORG-D,Офис,Синтетическое описание инцидента 182,Синтетическая причина,закрытое
60f356ae-7557-431f-a534-cb7a396403d1,2022-06-10 04:31:48,опасная ситуация,ORG-C,Площадка 2,Синтетическое описание инцидента 183,Синтетическая причина,Открытое
b01cd9c0-0b45-4ac1-b14e-120dace50b32,2023-04-17 10:35:34,опасная ситуация,ORG-B,Офис,Синтетическое описание инцидента 184,Синтетическая причина,расследуется
88059558-427d-4926-bae4-a6901339c7fd,2021-12-22 13:35:14,микротравма,ORG-A,Площадка 2,Синтетическое описание инцидента 185,Синтетическая причина,Открытое
66d55d8b-5dd5-47fb-9a79-db99006e5bef,2022-09-04 20:41:59,НС,ORG-B,Склад,Синтетическое описание инцидента 186,Синтетическая причина,закрытое
786d0827-459c-4d2a-b792-0e2d3b888c9f,2021-03-04 21:04:22,НС,ORG-D,Буровая 4,Синтетическое описание инцидента 187,Синтетическая причина,Открытое
ed9b7f58-83b0-490b-b15f-1ac3fe23a97c,2021-10-06 14:31:36,НС,ORG-B,Офис,Синтетическое описание инцидента 188,Синтетическая причина,Открытое
019daa66-a178-4e38-901e-38b903bf33ef,2023-12-20 08:40:01,НС,ORG-A,Цех 1,Синтетическое описание инцидента 189,Синтетическая причина,закрытое
5c47d61e-afbc-49ea-a9c9-72db2439a280,2021-02-15 17:51:07,НС,ORG-B,Цех 1,Синтетическое описание инцидента 190,Синтетическая причина,Открытое
b8c1e888-cbdd-4fc8-a359-fa2458362ac9,2022-04-05 21:53:24,микротравма,ORG-C,Склад,Синтетическое описание инцидента 191,Синтетическая причина,Открытое
c641ba2e-e03a-4312-830f-661854f11540,2022-06-28 22:49:51,опасная ситуация,ORG-C,Офис,Синтетическое описание инцидента 192,Синтетическая причина,закрытое
4fe8b531-8f21-4833-8d95-318ebac2d88b,2021-05-28 07:08:15,опасная ситуация,ORG-C,Склад,Синтетическое описание инцидента 193,Синтетическая причина,закрытое
ca216e9b-fb03-4b8e-8d5b-8daee34e4f52,2021-01-09 15:07:39,микротравма,ORG-D,Площадка 2,Синтетическое описание инцидента 194,Синтетическая причина,расследуется
f95c9904-4ec3-4108-9c1c-836354fbc43c,2021-07-03 05:55:44,микротравма,ORG-B,Цех 1,Синтетическое описание инцидента 195,Синтетическая причина,расследуется
4703fdaf-ef04-4c86-9bbf-c532e1a4c557,2022-06-27 08:39:32,опасная ситуация,ORG-B,Цех 1,Синтетическое описание инцидента 196,Синтетическая причина,Открытое
37460a6b-e8e1-4d85-bf2c-02fea93dfabe,2023-07-22 18:07:01,микротравма,ORG-D,Цех 1,Синтетическое описание инцидента 197,Синтетическая причина,закрытое
471fff2f-f42d-4211-85cd-78f34fe72c10,2022-04-05 06:46:58,опасная ситуация,ORG-D,Офис,Синтетическое описание инцидента 198,Синтетическая причина,расследуется
39d942b4-9e12-448f-a7f4-bd0540f47b87,2021-06-28 07:45:23,опасная ситуация,ORG-D,Площадка 2,Синтетическое описание инцидента 199,Синтетическая причина,закрытое
67a54d1f-7bc7-49f4-af6f-62a813470f55,2023-08-09 16:30:57,микротравма,ORG-D,Цех 1,Синтетическое описание инцидента 200,Синтетическая причина,закрытое
76cdb2b1-65ef-48af-8701-21ebff951f60,2021-06-15 17:39:55,опасная ситуация,ORG-C,Офис,Синтетическое описание инцидента 201,Синтетическая причина,закрытое
c9365c8d-6615-45af-95e6-e7c6fa61afa6,2022-04-06 04:36:41,микротравма,ORG-D,Буровая 4,Синтетическое описание инцидента 202,Синтетическая причина,Открытое
460b4aff-a358-4c01-be4c-f871fbb9665a,2021-10-06 11:25:57,НС,ORG-B,Буровая 4,Синтетическое описание инцидента 203,Синтетическая причина,закрытое
d131f46e-c35e-49ed-a4ce-2c749ff64fa6,2023-10-19 09:03:33,НС,ORG-D,Площадка 2,Синтетическое описание инцидента 204,Синтетическая причина,закрытое
6ba85999-4c91-4e14-9a3b-e4890f380f22,2023-04-07 06:13:31,НС,ORG-B,Площадка 2,Синтетическое описание инцидента 205,Синтетическая причина,расследуется
115846f8-8649-4981-bee5-e4151a0a335f,2023-10-03 20:39:58,опасная ситуация,ORG-C,Площадка 2,Синтетическое описание инцидента 206,Синтетическая причина,Открытое
fdae13f4-fadf-410b-b5c8-8a1a177e0655,2023-08-29 00:03:23,опасная ситуация,ORG-A,Площадка 2,Синтетическое описание инцидента 207,Синтетическая причина,закрытое
0dc9d3c9-ef9b-41db-8927-63d013d401ca,2023-09-10 05:58:23,опасная ситуация,ORG-A,Офис,Синтетическое описание инцидента 208,Синтетическая причина,Открытое
e590f77e-c48a-4ce6-874b-b76adc908eae,2023-07-22 10:59:25,НС,ORG-C,Буровая 4,Синтетическое описание инцидента 209,Синтетическая причина,Открытое
c353d02f-a153-4395-9b1b-989bb7a2e9df,2022-11-17 22:28:47,НС,ORG-B,Цех 1,Синтетическое описание инцидента 210,Синтетическая причина,Открытое
b3c76e23-627e-49c5-ae94-3e1a02161654,2021-05-07 12:49:37,НС,ORG-B,Офис,Синтетическое описание инцидента 211,Синтетическая причина,расследуется
f7da2cb5-849e-4ee1-b0cd-5c4fee89bdb7,2021-05-16 08:06:21,микротравма,ORG-D,Офис,Синтетическое описание инцидента 212,Синтетическая причина,расследуется
14a718a1-d2cd-4ed1-816b-a416e53c17ab,2023-11-17 21:42:01,НС,ORG-B,Офис,Синтетическое описание инцидента 213,Синтетическая причина,расследуется
9253fc37-40a3-45ac-b42b-e9fd6632822f,2022-10-15 04:18:52,НС,ORG-C,Площадка 2,Синтетическое описание инцидента 214,Синтетическая причина,Открытое
5b991d25-2983-46f2-bddf-8795ea6f92ff,2021-05-02 23:13:37,НС,ORG-D,Офис,Синтетическое описание инцидента 215,Синтетическая причина,Открытое
43bea14e-6592-4870-8cca-b8432290d8df,2021-02-09 17:37:28,опасная ситуация,ORG-D,Буровая 4,Синтетическое описание инцидента 216,Синтетическая причина,Открытое
2c4ce9aa-cdb4-4da7-9c0a-c9a58988894c,2021-09-10 16:34:41,микротравма,ORG-C,Цех 1,Синтетическое описание инцидента 217,Синтетическая причина,закрытое
17bd0e40-bda4-469c-82be-9a779c3a3747,2021-04-04 00:02:59,микротравма,ORG-B,Буровая 4,Синтетическое описание инцидента 218,Синтетическая причина,расследуется
9fb10e0e-a79a-4af5-bad4-294cff7ed336,2021-08-09 12:10:41,опасная ситуация,ORG-D,Площадка 2,Синтетическое описание инцидента 219,Синтетическая причина,расследуется
bc3fd045-348a-4fab-af5c-89c4578930f7,2021-01-12 19:29:35,опасная ситуация,ORG-C,Офис,Синтетическое описание инцидента 220,Синтетическая причина,расследуется
7e3a474e-fc10-41db-940c-abaa9314754c,2021-12-19 07:01:19,опасная ситуация,ORG-C,Буровая 4,Синтетическое описание инцидента 221,Синтетическая причина,расследуется
d785c8bf-f4d9-4fc3-bf22-b79d384c2eee,2021-05-28 18:04:02,опасная ситуация,ORG-D,Офис,Синтетическое описание инцидента 222,Синтетическая причина,закрытое
e5b4e61d-714f-4e47-94f7-54f17207b57f,2021-10-10 10:23:50,микротравма,ORG-A,Цех 1,Синтетическое описание инцидента 223,Синтетическая причина,закрытое
31dae0a9-cf2c-4525-8d33-76475a3c607c,2023-02-08 02:28:05,микротравма,ORG-A,Площадка 2,Синтетическое описание инцидента 224,Синтетическая причина,расследуется
03d38f61-bcf1-463f-8d08-6552dcb9d1b9,2023-03-16 20:49:56,опасная ситуация,ORG-D,Буровая 4,Синтетическое описание инцидента 225,Синтетическая причина,Открытое
78b7ab33-49e3-4ca2-a4eb-aa98890e1d97,2021-04-12 13:09:47,опасная ситуация,ORG-D,Склад,Синтетическое описание инцидента 226,Синтетическая причина,закрытое
bd4df6ff-a83c-4bd6-84ce-0bcb8eed20a8,2022-01-29 06:28:22,микротравма,ORG-C,Площадка 2,Синтетическое описание инцидента 227,Синтетическая причина,расследуется
8bd3823e-ab2e-4dbb-b5ac-6dc38de4b419,2023-03-10 09:06:38,опасная ситуация,ORG-B,Площадка 2,Синтетическое описание инцидента 228,Синтетическая причина,расследуется
8dfbf491-7fa3-4cb1-9e80-7f10f4fcaf6e,2023-11-10 06:17:24,опасная ситуация,ORG-D,Склад,Синтетическое описание инцидента 229,Синтетическая причина,расследуется
fb31c3dd-82a4-495f-b1d9-8141d735eac2,2023-04-13 20:25:17,микротравма,ORG-B,Площадка 2,Синтетическое описание инцидента 230,Синтетическая причина,расследуется
c2784137-e61b-46bc-8249-82314a3415ab,2023-07-13 23:46:27,опасная ситуация,ORG-D,Цех 1,Синтетическое описание инцидента 231,Синтетическая причина,закрытое
b217b7f3-f06e-4264-932d-8485616c2f41,2021-06-17 09:01:33,опасная ситуация,ORG-C,Буровая 4,Синтетическое описание инцидента 232,Синтетическая причина,закрытое
ec0f4f91-9ac5-4d51-a8b3-b68a2c070a3e,2021-06-14 03:40:25,НС,ORG-A,Офис,Синтетическое описание инцидента 233,Синтетическая причина,расследуется
7081bfc9-4ea3-4a5d-af69-9b3e04d3070e,2021-11-11 02:42:23,опасная ситуация,ORG-A,Буровая 4,Синтетическое описание инцидента 234,Синтетическая причина,расследуется
8c66a472-a630-4c67-aa97-349b523671e5,2021-10-19 05:36:11,микротравма,ORG-D,Склад,Синтетическое описание инцидента 235,Синтетическая причина,расследуется
2027dd3e-b6f3-4378-9128-ec2e0bcfad98,2022-11-24 00:31:01,НС,ORG-B,Площадка 2,Синтетическое описание инцидента 236,Синтетическая причина,Открытое
99304ebb-2192-479e-bdd3-586211becddf,2021-05-12 14:13:11,микротравма,ORG-C,Цех 1,Синтетическое описание инцидента 237,Синтетическая причина,расследуется
0291720f-bec5-4fe4-84f1-1f3feb740446,2023-03-31 15:45:58,микротравма,ORG-C,Цех 1,Синтетическое описание инцидента 238,Синтетическая причина,расследуется
ceaf5d3f-0cd5-4e0c-8ff6-22ae05f4db9b,2021-04-11 21:54:44,НС,ORG-B,Площадка 2,Синтетическое описание инцидента 239,Синтетическая причина,расследуется
1e4d4532-f300-4630-b0d9-fdfbb9a1f555,2023-06-04 04:35:20,опасная ситуация,ORG-A,Площадка 2,Синтетическое описание инцидента 240,Синтетическая причина,Открытое
da5a6333-1fa1-498d-852d-f2e40ef3ddc6,2023-11-03 03:21:21,опасная ситуация,ORG-C,Склад,Синтетическое описание инцидента 241,Синтетическая причина,закрытое
f52cccb8-23a7-44d0-919d-cdfc4a17dd5f,2023-04-28 06:25:11,НС,ORG-D,Офис,Синтетическое описание инцидента 242,Синтетическая причина,закрытое
b3e26507-61f2-4e96-8218-29b51f25ba78,2022-02-20 16:35:57,опасная ситуация,ORG-A,Площадка 2,Синтетическое описание инцидента 243,Синтетическая причина,закрытое
0b98a2af-7771-4e70-b713-419284b7a447,2023-03-22 14:24:02,микротравма,ORG-A,Офис,Синтетическое описание инцидента 244,Синтетическая причина,Открытое
7c8d7fb5-aa76-4643-9671-e13cba7f821a,2022-12-11 12:11:37,микротравма,ORG-D,Площадка 2,Синтетическое описание инцидента 245,Синтетическая причина,закрытое
bcf33945-2375-4e46-9b14-eda6e5afcfbb,2021-10-01 16:15:46,опасная ситуация,ORG-D,Площадка 2,Синтетическое описание инцидента 246,Синтетическая причина,расследуется
e1b30417-7ace-4356-89ad-c07b718f473e,2023-03-05 22:28:45,НС,ORG-D,Офис,Синтетическое описание инцидента 247,Синтетическая причина,Открытое
5cff52a9-4ced-4760-bf1a-dd3594fcb882,2023-06-07 16:27:41,микротравма,ORG-A,Цех 1,Синтетическое описание инцидента 248,Синтетическая причина,Открытое
1ce0a4fd-8cd6-4ece-b069-2b812ea567d1,2023-01-30 08:57:53,микротравма,ORG-C,Буровая 4,Синтетическое описание инцидента 249,Синтетическая причина,Открытое
ed03d853-5e5d-48ff-8cf3-8d8c4c654908,2023-08-31 03:42:37,НС,ORG-A,Цех 1,Синтетическое описание инцидента 250,Синтетическая причина,закрытое
ab12e2d5-c710-4344-bb17-c5a084990400,2021-03-08 09:24:49,микротравма,ORG-B,Площадка 2,Синтетическое описание инцидента 251,Синтетическая причина,закрытое
d825ced7-e753-4d2a-bd8d-4df72f9cf67c,2021-10-19 19:31:41,опасная ситуация,ORG-D,Буровая 4,Синтетическое описание инцидента 252,Синтетическая причина,закрытое
4bd38bbf-a9ba-4768-a93c-bfff5d513165,2021-12-15 16:49:52,НС,ORG-B,Площадка 2,Синтетическое описание инцидента 253,Синтетическая причина,закрытое
98cb4299-42be-4bce-a019-db46e56ce62d,2021-12-16 20:15:37,микротравма,ORG-B,Буровая 4,Синтетическое описание инцидента 254,Синтетическая причина,Открытое
ff384c46-f96a-4ddb-a5fb-d61a36471826,2022-11-21 21:25:40,опасная ситуация,ORG-B,Склад,Синтетическое описание инцидента 255,Синтетическая причина,расследуется
c24896c3-0d0f-41a2-922a-0a2046857539,2021-04-08 03:14:31,микротравма,ORG-D,Офис,Синтетическое описание инцидента 256,Синтетическая причина,закрытое
e7e6750c-6f08-4698-9add-5b2d08186b72,2023-06-22 07:38:49,микротравма,ORG-B,Площадка 2,Синтетическое описание инцидента 257,Синтетическая причина,Открытое
60dd7eeb-8a95-448f-8831-da9fccb320b8,2022-12-11 16:59:09,НС,ORG-C,Склад,Синтетическое описание инцидента 258,Синтетическая причина,закрытое
d20a8702-fc9b-4f78-9d18-baa14e3aeab4,2023-10-06 05:33:04,микротравма,ORG-A,Цех 1,Синтетическое описание инцидента 259,Синтетическая причина,Открытое
c426e680-87c3-488c-ab23-4600d50f8d02,2023-07-30 15:54:48,НС,ORG-C,Площадка 2,Синтетическое описание инцидента 260,Синтетическая причина,расследуется
090bd11b-0628-498d-bda8-760e44d69165,2023-09-05 09:22:06,НС,ORG-A,Буровая 4,Синтетическое описание инцидента 261,Синтетическая причина,расследуется
4921dcb4-29fc-4298-aa3e-7e2584908ab1,2023-01-24 16:51:30,НС,ORG-B,Склад,Синтетическое описание инцидента 262,Синтетическая причина,закрытое
4b489fe8-32fd-4544-a6b6-1e13912df39e,2022-07-19 12:57:16,НС,ORG-B,Площадка 2,Синтетическое описание инцидента 263,Синтетическая причина,расследуется
2e37bd8e-2437-4c2a-a253-563b7d906471,2021-01-05 12:07:44,микротравма,ORG-C,Площадка 2,Синтетическое описание инцидента 264,Синтетическая причина,закрытое
62c6ca61-4cd5-4e37-858c-6191c136ad78,2023-09-27 22:53:24,НС,ORG-A,Склад,Синтетическое описание инцидента 265,Синтетическая причина,закрытое
d44c6189-14c3-4e44-8f9d-2c926b2b0f90,2021-05-05 07:21:53,НС,ORG-C,Площадка 2,Синтетическое описание инцидента 266,Синтетическая причина,закрытое
eaf97d3c-f754-4aa6-af48-e081793b03e0,2021-10-25 17:17:46,опасная ситуация,ORG-C,Площадка 2,Синтетическое описание инцидента 267,Синтетическая причина,расследуется
79627ae5-a9f9-4a2d-8289-486a7991c67d,2022-09-21 20:18:13,микротравма,ORG-C,Офис,Синтетическое описание инцидента 268,Синтетическая причина,расследуется
8396718a-a3ec-4545-977e-77c8c847a332,2021-08-12 11:25:06,НС,ORG-D,Буровая 4,Синтетическое описание инцидента 269,Синтетическая причина,Открытое
aa4d4ac5-bb21-40a0-ae9b-69d0350950ba,2021-06-23 12:44:27,НС,ORG-C,Буровая 4,Синтетическое описание инцидента 270,Синтетическая причина,Открытое
10e61198-9eb0-4703-950c-331c1f7f9f8c,2022-11-13 20:45:16,микротравма,ORG-B,Буровая 4,Синтетическое описание инцидента 271,Синтетическая причина,закрытое
e27d09d5-f675-4c93-b7b2-a5f3b399aaab,2021-05-18 12:45:54,НС,ORG-C,Склад,Синтетическое описание инцидента 272,Синтетическая причина,расследуется
b30663f3-7c07-4090-9311-e8bd5dd37c41,2022-06-21 22:55:33,НС,ORG-B,Офис,Синтетическое описание инцидента 273,Синтетическая причина,закрытое
e058cf91-0d63-4269-b3a3-358781e90f71,2021-04-08 21:05:44,опасная ситуация,ORG-A,Буровая 4,Синтетическое описание инцидента 274,Синтетическая причина,Открытое
af2defe5-37bd-429d-b51d-0db27d4e2aae,2021-06-24 19:26:05,микротравма,ORG-C,Площадка 2,Синтетическое описание инцидента 275,Синтетическая причина,Открытое
78d23d64-4791-4f7d-b20b-510f91334b8d,2021-01-29 03:26:01,НС,ORG-C,Склад,Синтетическое описание инцидента 276,Синтетическая причина,расследуется
dae5aa11-b148-41cd-b878-a9200e420433,2023-10-05 17:42:46,микротравма,ORG-C,Цех 1,Синтетическое описание инцидента 277,Синтетическая причина,закрытое
00fa2a1d-c5a8-4b50-b403-34f2f731f533,2021-09-07 04:32:20,микротравма,ORG-C,Офис,Синтетическое описание инцидента 278,Синтетическая причина,Открытое
9cd68868-34d0-49a9-baab-8d9a958acc30,2021-04-09 15:10:02,НС,ORG-C,Цех 1,Синтетическое описание инцидента 279,Синтетическая причина,расследуется
47fa63f0-21a9-4beb-98f6-9ee7c78891bb,2021-12-02 04:44:02,опасная ситуация,ORG-D,Площадка 2,Синтетическое описание инцидента 280,Синтетическая причина,Открытое
be9b9641-a6ac-4e8b-bd58-c397ca124e47,2021-08-27 12:42:29,опасная ситуация,ORG-C,Буровая 4,Синтетическое описание инцидента 281,Синтетическая причина,Открытое
1689442e-4687-47ed-9dae-1694c2c5bb6b,2022-02-01 14:50:11,микротравма,ORG-A,Склад,Синтетическое описание инцидента 282,Синтетическая причина,Открытое
d4867086-696d-4be3-aec4-8a724b812ec5,2021-11-30 20:21:22,опасная ситуация,ORG-B,Буровая 4,Синтетическое описание инцидента 283,Синтетическая причина,расследуется
fc0f2918-36f3-423c-9c5f-dbf6f20fe690,2021-10-14 21:09:43,НС,ORG-D,Склад,Синтетическое описание инцидента 284,Синтетическая причина,Открытое
c6fe71f3-8881-49f6-ab75-337d90f56089,2023-12-04 10:50:37,НС,ORG-B,Цех 1,Синтетическое описание инцидента 285,Синтетическая причина,Открытое
2161d72c-3258-450c-b2d3-434601256303,2022-09-22 08:48:12,опасная ситуация,ORG-A,Склад,Синтетическое описание инцидента 286,Синтетическая причина,закрытое
e6c12faa-a47a-4eef-aa56-003a51fb516f,2023-02-21 20:03:27,НС,ORG-C,Буровая 4,Синтетическое описание инцидента 287,Синтетическая причина,Открытое
09465d61-7ef5-4c6f-a053-4b74ee486acd,2023-12-29 18:10:14,НС,ORG-D,Цех 1,Синтетическое описание инцидента 288,Синтетическая причина,Открытое
bb4766c2-95d6-47dd-8cc6-5a5a34d2e8ed,2022-01-20 20:20:43,опасная ситуация,ORG-D,Склад,Синтетическое описание инцидента 289,Синтетическая причина,закрытое
a16b83e6-3f22-4867-87b1-594a766e4f93,2023-12-15 21:38:37,микротравма,ORG-B,Площадка 2,Синтетическое описание инцидента 290,Синтетическая причина,Открытое
202062ae-290b-4b1e-b3b8-61d3d6a9d97c,2022-05-04 07:47:20,НС,ORG-B,Склад,Синтетическое описание инцидента 291,Синтетическая причина,расследуется
2b581901-f571-4fb4-b106-a305768b534d,2022-10-31 14:59:39,НС,ORG-D,Офис,Синтетическое описание инцидента 292,Синтетическая причина,Открытое
c2c3721a-1b71-4b13-b0df-e19ce974b1c9,2022-07-25 21:18:12,НС,ORG-D,Офис,Синтетическое описание инцидента 293,Синтетическая причина,Открытое
fd20b87d-fc98-41e3-86b8-a799b232a8de,2023-06-16 13:43:07,микротравма,ORG-C,Площадка 2,Синтетическое описание инцидента 294,Синтетическая причина,Открытое
7068fa21-7ddc-4b71-bf1a-25ba94c186c7,2022-09-03 10:17:49,опасная ситуация,ORG-C,Цех 1,Синтетическое описание инцидента 295,Синтетическая причина,расследуется
69acfaff-465b-4d16-ab64-174196d87327,2021-04-20 08:36:24,микротравма,ORG-C,Буровая 4,Синтетическое описание инцидента 296,Синтетическая причина,расследуется
0908ad58-7482-47de-ba02-416897b2bf67,2022-06-17 17:52:12,НС,ORG-A,Цех 1,Синтетическое описание инцидента 297,Синтетическая причина,Открытое
b428ad79-05ca-4cd7-9018-22ff701bd026,2021-08-23 01:08:12,опасная ситуация,ORG-B,Буровая 4,Синтетическое описание инцидента 298,Синтетическая причина,Открытое
54432184-bb70-4fec-a4f9-54c4378ca265,2021-08-05 18:19:46,микротравма,ORG-C,Буровая 4,Синтетическое описание инцидента 299,Синтетическая причина,расследуется
6223b82b-7247-4857-aaf8-089e95802668,2021-11-10 07:37:25,НС,ORG-C,Склад,Синтетическое описание инцидента 300,Синтетическая причина,Открытое
758cda18-9b42-4779-8f0a-8d9859478759,2022-10-06 00:34:50,опасная ситуация,ORG-C,Буровая 4,Синтетическое описание инцидента 301,Синтетическая причина,закрытое
3f7b8cad-ef95-4c40-8063-cbaeccd9fb7c,2022-09-29 00:15:03,опасная ситуация,ORG-A,Буровая 4,Синтетическое описание инцидента 302,Синтетическая причина,Открытое
102bde6d-cd91-4b33-abbe-f0bb6e7a5bef,2022-11-21 20:43:50,микротравма,ORG-C,Площадка 2,Синтетическое описание инцидента 303,Синтетическая причина,закрытое
944b2350-e492-4698-9531-ab448a31f2dc,2021-01-12 02:37:10,микротравма,ORG-C,Площадка 2,Синтетическое описание инцидента 304,Синтетическая причина,Открытое
5e8f466d-287c-40f5-88bc-2789483b4d4e,2021-02-01 02:04:34,опасная ситуация,ORG-C,Офис,Синтетическое описание инцидента 305,Синтетическая причина,Открытое
0a8a6096-6dac-4771-9c23-bc61a40edb12,2022-07-26 06:19:28,микротравма,ORG-C,Офис,Синтетическое описание инцидента 306,Синтетическая причина,Открытое
506e21d8-a701-47ef-b2d8-ffa190eec37b,2022-05-16 02:04:26,микротравма,ORG-A,Цех 1,Синтетическое описание инцидента 307,Синтетическая причина,закрытое
ef70bbc3-6df1-40ee-a853-27342103e25a,2023-09-04 20:47:10,опасная ситуация,ORG-D,Площадка 2,Синтетическое описание инцидента 308,Синтетическая причина,расследуется
915ebad6-acc2-4999-b5ac-cea5908fda08,2021-08-17 19:07:09,опасная ситуация,ORG-B,Цех 1,Синтетическое описание инцидента 309,Синтетическая причина,закрытое
53ec60a8-e3d4-44b4-9b46-5d908b6c7b8a,2021-12-27 19:06:54,НС,ORG-B,Склад,Синтетическое описание инцидента 310,Синтетическая причина,Открытое
4390d134-91cc-4320-bf3d-c5ee699b0518,2021-05-15 21:36:18,НС,ORG-D,Офис,Синтетическое описание инцидента 311,Синтетическая причина,Открытое
db462faa-04b9-4991-8d23-1a12219f7b20,2022-05-08 01:10:21,опасная ситуация,ORG-C,Склад,Синтетическое описание инцидента 312,Синтетическая причина,расследуется
da932414-5223-4bfd-9765-3ab359114db9,2021-02-28 18:22:20,опасная ситуация,ORG-C,Буровая 4,Синтетическое описание инцидента 313,Синтетическая причина,расследуется
5d09bbd7-e8f6-40fa-8e65-0991d42a6ee3,2022-01-20 02:23:43,опасная ситуация,ORG-D,Офис,Синтетическое описание инцидента 314,Синтетическая причина,расследуется
7069d2af-8240-44b3-a40d-d105615fc5b5,2023-02-20 09:02:53,НС,ORG-A,Офис,Синтетическое описание инцидента 315,Синтетическая причина,закрытое
e282b20e-7c30-4bb7-9150-dcaa6535d719,2023-09-12 07:04:15,микротравма,ORG-B,Склад,Синтетическое описание инцидента 316,Синтетическая причина,расследуется
1991251b-132e-4957-b769-7b8de28f0c15,2021-01-05 20:33:31,НС,ORG-A,Склад,Синтетическое описание инцидента 317,Синтетическая причина,Открытое
b324a50c-75e2-4b9e-a46c-e6b2de0506c0,2022-06-08 10:46:03,микротравма,ORG-D,Цех 1,Синтетическое описание инцидента 318,Синтетическая причина,Открытое
a6798552-03e5-4efb-94f1-ae5c34d4256f,2021-08-09 05:10:52,НС,ORG-D,Цех 1,Синтетическое описание инцидента 319,Синтетическая причина,закрытое
fc08d904-5b50-496b-8341-7d1e6ef364a5,2022-04-29 00:59:13,НС,ORG-B,Площадка 2,Синтетическое описание инцидента 320,Синтетическая причина,закрытое
0f5e6813-d5b3-48fe-ab79-62b39344fd54,2023-12-04 13:50:42,микротравма,ORG-A,Площадка 2,Синтетическое описание инцидента 321,Синтетическая причина,расследуется
61c22e69-1ea1-40f6-8fb8-e7c8782fa3ea,2022-06-20 20:05:06,микротравма,ORG-D,Площадка 2,Синтетическое описание инцидента 322,Синтетическая причина,расследуется
382cf86e-6492-4dfd-902e-bda4fab6ecff,2023-08-26 10:52:06,НС,ORG-C,Офис,Синтетическое описание инцидента 323,Синтетическая причина,Открытое
673014ee-79af-4619-978b-72bdae77c20c,2022-09-22 17:37:46,микротравма,ORG-B,Площадка 2,Синтетическое описание инцидента 324,Синтетическая причина,расследуется
c626a4eb-0351-42d7-b44d-1edbb637f962,2021-02-05 14:06:16,микротравма,ORG-D,Склад,Синтетическое описание инцидента 325,Синтетическая причина,Открытое
55da17ad-67c7-45d2-a913-182dc5fc35dc,2021-08-16 18:38:29,опасная ситуация,ORG-D,Цех 1,Синтетическое описание инцидента 326,Синтетическая причина,расследуется
bfbfe2eb-66e6-470c-bb40-f1eafb14513f,2023-06-15 03:04:23,опасная ситуация,ORG-B,Склад,Синтетическое описание инцидента 327,Синтетическая причина,Открытое
bf993a11-87bb-42d5-86e1-6139754708fb,2022-10-25 18:01:32,микротравма,ORG-A,Цех 1,Синтетическое описание инцидента 328,Синтетическая причина,Открытое
fcc7b085-1e8f-46fc-9a07-e90c53adb1cf,2023-09-27 17:24:47,опасная ситуация,ORG-C,Офис,Синтетическое описание инцидента 329,Синтетическая причина,Открытое
33f4af32-35ff-4bcf-a6f9-113b4d134386,2023-01-06 03:38:06,микротравма,ORG-D,Склад,Синтетическое описание инцидента 330,Синтетическая причина,Открытое
b4d8b1d8-64d6-47c7-a233-a3b1212dc9f2,2023-05-28 11:19:58,микротравма,ORG-A,Офис,Синтетическое описание инцидента 331,Синтетическая причина,Открытое
88924d9e-ca1e-4c36-86d6-969e0390e198,2022-03-21 03:11:55,НС,ORG-A,Буровая 4,Синтетическое описание инцидента 332,Синтетическая причина,закрытое
5d4267b5-272c-4def-a99a-7ee65020df01,2021-04-27 07:57:05,микротравма,ORG-C,Цех 1,Синтетическое описание инцидента 333,Синтетическая причина,расследуется
f04081c1-96c3-4dfe-bcbd-d35f694a793b,2023-03-09 19:35:13,микротравма,ORG-A,Склад,Синтетическое описание инцидента 334,Синтетическая причина,расследуется
b1344e08-45f2-48d8-8bb5-932c59d34f8b,2022-08-13 12:33:57,опасная ситуация,ORG-A,Офис,Синтетическое описание инцидента 335,Синтетическая причина,закрытое
657d4c8b-8336-4918-b26f-450d3bfc6bd0,2022-06-17 09:27:48,НС,ORG-C,Склад,Синтетическое описание инцидента 336,Синтетическая причина,Открытое
a19337aa-cbd8-4576-a174-66912173addb,2023-03-25 17:16:20,НС,ORG-C,Цех 1,Синтетическое описание инцидента 337,Синтетическая причина,расследуется
4b7b2484-7253-4091-ac07-061cdbb9e4c3,2022-07-03 04:53:01,НС,ORG-C,Площадка 2,Синтетическое описание инцидента 338,Синтетическая причина,расследуется
cbe13988-3991-44f0-a6e7-10352a04acd4,2021-03-18 01:38:09,НС,ORG-A,Площадка 2,Синтетическое описание инцидента 339,Синтетическая причина,закрытое
95e1ef6f-0223-4ca0-b1b3-867a3cdb27ab,2022-02-01 20:11:50,НС,ORG-C,Офис,Синтетическое описание инцидента 340,Синтетическая причина,расследуется
6c3910a3-bdf3-4b3b-9fb3-b7e61cd8cdfc,2023-03-13 09:25:12,микротравма,ORG-C,Офис,Синтетическое описание инцидента 341,Синтетическая причина,расследуется
a5a01045-f7fb-44f7-8650-bbea48867c18,2022-02-05 12:42:27,опасная ситуация,ORG-C,Площадка 2,Синтетическое описание инцидента 342,Синтетическая причина,расследуется
a024ac1e-6926-46ca-ab19-0d4fee8a3393,2022-12-27 12:54:10,микротравма,ORG-A,Офис,Синтетическое описание инцидента 343,Синтетическая причина,расследуется
2eea329e-4e09-400b-92d1-c2a2866ab883,2023-03-23 16:36:14,микротравма,ORG-B,Площадка 2,Синтетическое описание инцидента 344,Синтетическая причина,расследуется
3dcc36c3-86a5-417f-9f99-44960bcca031,2021-11-05 22:19:15,НС,ORG-D,Цех 1,Синтетическое описание инцидента 345,Синтетическая причина,расследуется
7d9d7d4e-e363-4d09-b22a-dc3d8e4e7fe1,2021-10-23 12:13:33,НС,ORG-D,Площадка 2,Синтетическое описание инцидента 346,Синтетическая причина,закрытое
bf8c6137-0e6c-4ca4-9e51-ccea66ef7862,2021-03-19 16:14:24,опасная ситуация,ORG-C,Офис,Синтетическое описание инцидента 347,Синтетическая причина,расследуется
430645e8-c654-4a78-a223-d7d347f5a539,2022-10-06 23:35:49,НС,ORG-C,Буровая 4,Синтетическое описание инцидента 348,Синтетическая причина,расследуется
355239e9-cacc-4f53-9047-bb3adfed3864,2023-06-10 16:55:40,опасная ситуация,ORG-D,Цех 1,Синтетическое описание инцидента 349,Синтетическая причина,расследуется
13b6aa45-f67a-44e7-a6b0-18a083912e03,2023-10-27 22:35:42,НС,ORG-A,Цех 1,Синтетическое описание инцидента 350,Синтетическая причина,Открытое
b43f1e6e-a4e2-410d-be59-128e41924dee,2021-08-27 17:34:16,опасная ситуация,ORG-D,Площадка 2,Синтетическое описание инцидента 351,Синтетическая причина,закрытое
c9f194b2-d211-4437-b3e7-6adcae0b8a7b,2021-12-24 15:20:54,микротравма,ORG-B,Офис,Синтетическое описание инцидента 352,Синтетическая причина,Открытое
a6ea71e1-1493-49b7-9d6c-5e1ae1a1cc45,2023-03-12 17:03:43,НС,ORG-C,Буровая 4,Синтетическое описание инцидента 353,Синтетическая причина,закрытое
395ed5d6-eee7-45dd-8506-5c9266ec2586,2023-05-03 13:53:28,опасная ситуация,ORG-A,Цех 1,Синтетическое описание инцидента 354,Синтетическая причина,расследуется
5175d767-d1cf-40ff-a292-e7ccce9a2892,2023-11-09 17:31:37,микротравма,ORG-B,Цех 1,Синтетическое описание инцидента 355,Синтетическая причина,Открытое
f0eac60e-c4b5-4924-bf20-fc836a311a4e,2023-01-24 21:21:45,опасная ситуация,ORG-C,Склад,Синтетическое описание инцидента 356,Синтетическая причина,расследуется
32a597aa-fd8b-4ac5-8378-e303dda97971,2022-08-06 23:20:58,НС,ORG-D,Офис,Синтетическое описание инцидента 357,Синтетическая причина,Открытое
8338a38f-d58a-42e7-8bd0-697a49b3d8fa,2023-04-15 06:15:10,микротравма,ORG-C,Цех 1,Синтетическое описание инцидента 358,Синтетическая причина,расследуется
3b100d31-b6e6-458b-a7f6-dbad51faf9f9,2022-01-18 21:58:44,микротравма,ORG-C,Буровая 4,Синтетическое описание инцидента 359,Синтетическая причина,закрытое
c25a4696-37f8-44f9-9cf4-8ace77634c0b,2022-06-23 12:45:44,микротравма,ORG-C,Площадка 2,Синтетическое описание инцидента 360,Синтетическая причина,расследуется
a4269842-bc26-4066-abe7-ed43dede57b9,2021-07-02 06:34:06,НС,ORG-B,Буровая 4,Синтетическое описание инцидента 361,Синтетическая причина,закрытое
70c9d364-8437-4b53-93c2-c968c4340f46,2022-05-15 16:49:55,НС,ORG-B,Склад,Синтетическое описание инцидента 362,Синтетическая причина,закрытое
321eef2d-26fa-45de-bbff-4da40d80db3e,2023-12-27 01:27:30,НС,ORG-D,Склад,Синтетическое описание инцидента 363,Синтетическая причина,Открытое
4e56585d-7b7d-47e2-8778-3305d1cfbeab,2023-04-30 00:01:16,опасная ситуация,ORG-A,Площадка 2,Синтетическое описание инцидента 364,Синтетическая причина,Открытое
146120d0-60b5-4f9b-a13f-56d9c8dbef82,2023-09-10 10:43:54,НС,ORG-D,Офис,Синтетическое описание инцидента 365,Синтетическая причина,закрытое
e088fabc-cd2e-4757-ad0d-140bfce40156,2023-04-03 22:31:30,НС,ORG-D,Буровая 4,Синтетическое описание инцидента 366,Синтетическая причина,расследуется
a6cc0705-10f7-4343-9624-406f697284d7,2023-09-30 04:03:47,НС,ORG-D,Буровая 4,Синтетическое описание инцидента 367,Синтетическая причина,закрытое
a69f04bc-2971-4da7-a49e-05c4207792db,2021-01-18 03:49:28,микротравма,ORG-C,Цех 1,Синтетическое описание инцидента 368,Синтетическая причина,закрытое
4296c2f3-cf40-4675-9d35-d1017f327be5,2021-12-10 01:36:24,НС,ORG-B,Площадка 2,Синтетическое описание инцидента 369,Синтетическая причина,расследуется
e8a2637c-f7ca-4b08-b8db-6e7797a9231f,2023-02-05 05:22:21,опасная ситуация,ORG-C,Буровая 4,Синтетическое описание инцидента 370,Синтетическая причина,расследуется
ba5e58c7-3e6a-4d4e-8616-34db16aa6508,2021-12-10 13:11:46,НС,ORG-A,Буровая 4,Синтетическое описание инцидента 371,Синтетическая причина,закрытое
324f6adb-e48a-4888-ada1-e00780a7e9d4,2022-01-13 16:29:25,микротравма,ORG-D,Цех 1,Синтетическое описание инцидента 372,Синтетическая причина,Открытое
1c32564b-1da6-4dfe-b8cf-63fdc37bf8ce,2021-03-05 03:00:16,НС,ORG-D,Склад,Синтетическое описание инцидента 373,Синтетическая причина,Открытое
717ba055-e635-45ee-8a6a-735d971d44aa,2023-03-23 13:47:04,микротравма,ORG-A,Буровая 4,Синтетическое описание инцидента 374,Синтетическая причина,расследуется
82ed2e53-e31e-4990-8388-47b6d33ad2ca,2022-03-31 12:03:44,НС,ORG-B,Склад,Синтетическое описание инцидента 375,Синтетическая причина,расследуется
25e27eff-c730-486a-926f-81c560e7cdbc,2023-04-04 21:51:23,микротравма,ORG-A,Цех 1,Синтетическое описание инцидента 376,Синтетическая причина,закрытое
21554eec-f264-4771-89b9-f9052946d33f,2021-08-15 12:54:06,опасная ситуация,ORG-B,Площадка 2,Синтетическое описание инцидента 377,Синтетическая причина,Открытое
bf88d695-3ae7-42b5-8594-d90b42ff3c67,2022-03-18 16:18:42,микротравма,ORG-C,Буровая 4,Синтетическое описание инцидента 378,Синтетическая причина,расследуется
8bc99428-dda4-4c2f-881e-b6d936645440,2021-02-09 23:10:30,опасная ситуация,ORG-B,Площадка 2,Синтетическое описание инцидента 379,Синтетическая причина,расследуется
1727bb42-7879-445d-8bce-491d7ee28709,2021-09-10 22:34:23,НС,ORG-C,Буровая 4,Синтетическое описание инцидента 380,Синтетическая причина,закрытое
0ce26650-9aca-495a-b962-28500aa8096f,2023-04-28 13:07:05,опасная ситуация,ORG-C,Склад,Синтетическое описание инцидента 381,Синтетическая причина,Открытое
48406901-4221-4f04-987b-dda76b66ded4,2021-01-31 04:17:13,опасная ситуация,ORG-C,Площадка 2,Синтетическое описание инцидента 382,Синтетическая причина,расследуется
c380ca5c-48ac-4ccd-9cf8-4bafccbbf9c6,2023-08-30 06:12:15,опасная ситуация,ORG-A,Буровая 4,Синтетическое описание инцидента 383,Синтетическая причина,расследуется
e4b33c70-0ec6-48fa-8fff-091125f6d9dd,2021-08-13 07:08:54,опасная ситуация,ORG-D,Склад,Синтетическое описание инцидента 384,Синтетическая причина,расследуется
6ed6a5ca-582a-49a9-9bd4-57b8bcb72794,2023-12-07 03:22:17,микротравма,ORG-C,Склад,Синтетическое описание инцидента 385,Синтетическая причина,расследуется
7b169975-cab5-4770-a5aa-07dbf94ab67e,2023-10-18 00:27:09,микротравма,ORG-A,Буровая 4,Синтетическое описание инцидента 386,Синтетическая причина,закрытое
81d99816-1f06-473a-b289-8b7da5e82d49,2022-04-03 13:29:13,НС,ORG-B,Буровая 4,Синтетическое описание инцидента 387,Синтетическая причина,Открытое
5a932798-7f6f-4395-bfa0-c0769b42ba32,2023-07-26 22:20:17,опасная ситуация,ORG-D,Офис,Синтетическое описание инцидента 388,Синтетическая причина,закрытое
68f524ce-8c15-4557-841d-ba9ecf56fe11,2023-10-20 08:06:36,НС,ORG-A,Площадка 2,Синтетическое описание инцидента 389,Синтетическая причина,расследуется
3e4d84ab-6bac-461f-a8c3-988b57823315,2021-10-01 00:10:26,опасная ситуация,ORG-C,Буровая 4,Синтетическое описание инцидента 390,Синтетическая причина,расследуется
fcc19109-bb5c-49f8-8812-ccd8e95ae07a,2022-12-01 10:01:21,НС,ORG-A,Офис,Синтетическое описание инцидента 391,Синтетическая причина,закрытое
9d0e0c9c-6a9d-4b0a-a978-a787a9a5bbb0,2022-01-05 16:13:26,опасная ситуация,ORG-D,Цех 1,Синтетическое описание инцидента 392,Синтетическая причина,закрытое
d207d0d0-7863-4f3c-8cd0-d74f67d978aa,2022-09-03 00:41:03,опасная ситуация,ORG-B,Склад,Синтетическое описание инцидента 393,Синтетическая причина,Открытое
4fc7165a-c217-4fa2-aba4-3d9fbc5e1d2a,2021-09-13 19:30:31,НС,ORG-A,Офис,Синтетическое описание инцидента 394,Синтетическая причина,закрытое
bb86bfda-1bbf-4c55-a1dd-3a4bef999dc0,2021-02-10 07:06:13,микротравма,ORG-B,Склад,Синтетическое описание инцидента 395,Синтетическая причина,Открытое
a0496d43-42fc-4446-8ed9-a9ad8e75c450,2021-08-18 09:59:57,микротравма,ORG-B,Офис,Синтетическое описание инцидента 396,Синтетическая причина,закрытое
ca27fe7e-f1ca-4019-8f58-90b8b4913e03,2021-04-18 18:29:09,опасная ситуация,ORG-D,Цех 1,Синтетическое описание инцидента 397,Синтетическая причина,Открытое
3fd31ddb-e08f-4a7c-b7ea-60cd36532bb6,2021-11-25 11:32:07,НС,ORG-C,Склад,Синтетическое описание инцидента 398,Синтетическая причина,Открытое
d9c931fd-3399-4176-8d87-590b390401f3,2022-04-01 11:02:01,НС,ORG-B,Площадка 2,Синтетическое описание инцидента 399,Синтетическая причина,расследуется
28eb0dc3-4d1e-4162-9e84-c61e9586e43e,2022-03-09 06:54:02,НС,ORG-A,Склад,Синтетическое описание инцидента 400,Синтетическая причина,Открытое
3dafe7c0-72d1-40ef-81ea-4b3679bdea5d,2023-05-01 05:51:37,НС,ORG-B,Склад,Синтетическое описание инцидента 401,Синтетическая причина,расследуется
80157b4e-e37a-40b8-ac89-ff6c9e78b160,2022-02-07 14:02:48,НС,ORG-A,Офис,Синтетическое описание инцидента 402,Синтетическая причина,Открытое
26c26d9b-9a40-46e4-927e-018949eb427b,2021-01-30 23:05:41,НС,ORG-A,Склад,Синтетическое описание инцидента 403,Синтетическая причина,Открытое
332c50b9-8910-4edd-adec-04ba319e8a60,2022-06-06 14:51:59,НС,ORG-A,Площадка 2,Синтетическое описание инцидента 404,Синтетическая причина,расследуется
4e87f12e-1b29-45c2-81b4-7cf6bc748d7c,2023-02-20 10:37:34,НС,ORG-C,Офис,Синтетическое описание инцидента 405,Синтетическая причина,закрытое
a49da2d4-554b-4b23-a7f4-fd0ddd0c7540,2022-02-26 20:17:44,микротравма,ORG-C,Цех 1,Синтетическое описание инцидента 406,Синтетическая причина,закрытое
4f9ce6c3-b78a-403a-83df-ace393eafb1c,2021-01-24 03:27:05,микротравма,ORG-A,Площадка 2,Синтетическое описание инцидента 407,Синтетическая причина,расследуется
be54bc41-8a54-4c5a-ba09-bf606927da3c,2021-05-24 16:46:25,НС,ORG-D,Офис,Синтетическое описание инцидента 408,Синтетическая причина,Открытое
23d226c8-936f-4d87-b2a6-da4d9c954997,2021-05-07 00:45:19,микротравма,ORG-D,Буровая 4,Синтетическое описание инцидента 409,Синтетическая причина,Открытое
ed567039-2103-4b29-a18a-024beaeb5f9a,2023-01-17 17:44:47,микротравма,ORG-A,Склад,Синтетическое описание инцидента 410,Синтетическая причина,расследуется
ef34e21b-3d4a-45e5-aafd-035362cdc024,2022-10-12 12:18:54,опасная ситуация,ORG-C,Буровая 4,Синтетическое описание инцидента 411,Синтетическая причина,Открытое
14c5dc08-d41c-4aac-a338-2a856e4b825f,2022-01-14 23:35:22,микротравма,ORG-A,Склад,Синтетическое описание инцидента 412,Синтетическая причина,Открытое
15cdd67b-91fa-443c-9a2c-7484734c8e48,2022-08-19 03:43:15,микротравма,ORG-A,Склад,Синтетическое описание инцидента 413,Синтетическая причина,закрытое
79726f95-ac20-44bf-8740-8331abffa2ab,2022-12-25 13:49:00,микротравма,ORG-A,Офис,Синтетическое описание инцидента 414,Синтетическая причина,расследуется
1ffb98a4-edb3-482a-b96c-349fa25cd7fe,2023-01-20 10:11:37,НС,ORG-D,Площадка 2,Синтетическое описание инцидента 415,Синтетическая причина,Открытое
a2b9d00d-b34a-4f68-be43-e50e4f1ceaf6,2021-08-24 00:11:13,НС,ORG-C,Цех 1,Синтетическое описание инцидента 416,Синтетическая причина,расследуется
8f228418-2024-418d-8f0b-cc892f82e0d7,2021-03-07 00:05:37,опасная ситуация,ORG-A,Цех 1,Синтетическое описание инцидента 417,Синтетическая причина,Открытое
5e5e99a7-cf3d-4793-9e96-9ead2824144b,2021-02-07 06:45:14,опасная ситуация,ORG-D,Цех 1,Синтетическое описание инцидента 418,Синтетическая причина,расследуется
19b50919-581c-467f-8170-d72907b32399,2023-01-13 13:35:42,опасная ситуация,ORG-C,Площадка 2,Синтетическое описание инцидента 419,Синтетическая причина,Открытое
70ffcc18-31da-4a4f-a915-62ade8ab09d2,2021-07-19 05:53:23,микротравма,ORG-B,Буровая 4,Синтетическое описание инцидента 420,Синтетическая причина,расследуется
a7504f26-7912-4bd2-9f09-351665933bb3,2021-07-03 22:15:15,НС,ORG-B,Склад,Синтетическое описание инцидента 421,Синтетическая причина,Открытое
9408533e-1445-4ce9-8a0d-cada1d2a853d,2023-12-03 06:11:27,опасная ситуация,ORG-C,Цех 1,Синтетическое описание инцидента 422,Синтетическая причина,закрытое
b5e90999-c42d-4555-aba3-bec82d45a087,2023-10-08 09:51:07,микротравма,ORG-C,Площадка 2,Синтетическое описание инцидента 423,Синтетическая причина,Открытое
0cb746e6-97c9-4a60-99a4-f048cb717753,2021-01-25 16:01:16,НС,ORG-A,Офис,Синтетическое описание инцидента 424,Синтетическая причина,расследуется
d5be509f-402a-4711-a7c8-3312a059db53,2023-03-09 15:12:53,НС,ORG-A,Цех 1,Синтетическое описание инцидента 425,Синтетическая причина,закрытое
77b1a003-052c-4eae-a418-a8d8706697df,2021-08-20 05:09:46,опасная ситуация,ORG-A,Буровая 4,Синтетическое описание инцидента 426,Синтетическая причина,Открытое
0a7805b5-5d2b-402a-ac78-2b3994f63530,2023-05-05 10:48:45,опасная ситуация,ORG-D,Цех 1,Синтетическое описание инцидента 427,Синтетическая причина,закрытое
36a5b73c-2329-4de4-8776-c7b33756936e,2022-03-09 21:16:42,НС,ORG-A,Склад,Синтетическое описание инцидента 428,Синтетическая причина,закрытое
ee7e8651-35b4-4fbc-86d8-444c23ce5037,2021-08-19 01:57:38,НС,ORG-A,Буровая 4,Синтетическое описание инцидента 429,Синтетическая причина,расследуется
fede21cb-df60-4389-802e-179d4783555d,2022-08-10 12:18:43,НС,ORG-A,Площадка 2,Синтетическое описание инцидента 430,Синтетическая причина,закрытое
634d6369-c6ea-4623-abdb-20ac7d3698a4,2021-03-22 20:02:10,НС,ORG-C,Буровая 4,Синтетическое описание инцидента 431,Синтетическая причина,Открытое
ef02cf68-e53e-459a-9600-05b9a19bb661,2021-03-16 14:56:12,опасная ситуация,ORG-C,Цех 1,Синтетическое описание инцидента 432,Синтетическая причина,закрытое
ba2cbe29-dfc3-4c04-a008-2f827ffd4ad4,2023-04-28 13:58:07,НС,ORG-A,Склад,Синтетическое описание инцидента 433,Синтетическая причина,расследуется
45cf7a9e-fa0a-420d-b714-830864b72cb3,2021-10-19 00:49:13,микротравма,ORG-D,Офис,Синтетическое описание инцидента 434,Синтетическая причина,Открытое
1a517337-f583-4f4b-bf24-3cfe1e0ebcb6,2023-07-12 15:40:20,опасная ситуация,ORG-D,Площадка 2,Синтетическое описание инцидента 435,Синтетическая причина,расследуется
baab6ab4-5d59-468d-824b-2b7b8e43acd2,2021-03-25 17:35:03,микротравма,ORG-A,Офис,Синтетическое описание инцидента 436,Синтетическая причина,Открытое
30d3f8d2-00d6-4b5c-b6e9-e95395e202a8,2022-07-25 15:40:07,опасная ситуация,ORG-D,Склад,Синтетическое описание инцидента 437,Синтетическая причина,Открытое
1c704f18-7329-4178-bc69-2b24aa811139,2021-10-14 18:38:15,опасная ситуация,ORG-C,Площадка 2,Синтетическое описание инцидента 438,Синтетическая причина,закрытое
03b056b1-ae91-4bcb-810d-921a26ad2b4f,2022-07-24 06:35:08,микротравма,ORG-B,Офис,Синтетическое описание инцидента 439,Синтетическая причина,закрытое
4a7c5437-2d7b-4b35-91e9-8b4be0cfe6b6,2021-08-15 13:45:23,микротравма,ORG-C,Офис,Синтетическое описание инцидента 440,Синтетическая причина,расследуется
3b6c93a2-2d36-4959-8f64-3507cd21d561,2023-11-07 08:49:32,опасная ситуация,ORG-B,Площадка 2,Синтетическое описание инцидента 441,Синтетическая причина,Открытое
4a4a7437-8ba9-4d9f-b0c6-4b46787f01b1,2022-06-08 10:35:37,микротравма,ORG-D,Площадка 2,Синтетическое описание инцидента 442,Синтетическая причина,закрытое
b96fd2aa-d65e-44b6-a4ae-d3908d9fbefb,2021-11-05 07:44:52,НС,ORG-B,Площадка 2,Синтетическое описание инцидента 443,Синтетическая причина,расследуется
3a0f85fa-0948-42a4-904a-c8d60d400e51,2023-05-04 12:50:45,НС,ORG-C,Склад,Синтетическое описание инцидента 444,Синтетическая причина,Открытое
b5680dc8-3a68-40a9-9fa7-ff4bbdd319b9,2021-01-27 21:03:33,микротравма,ORG-D,Цех 1,Синтетическое описание инцидента 445,Синтетическая причина,расследуется
6a24505c-8845-4b62-bb66-a5e7d8ae8536,2023-04-15 03:12:56,НС,ORG-B,Цех 1,Синтетическое описание инцидента 446,Синтетическая причина,закрытое
a6e8c2e6-86dc-4905-aa66-9e1f7f718399,2021-07-05 08:35:13,микротравма,ORG-C,Склад,Синтетическое описание инцидента 447,Синтетическая причина,закрытое
044d709c-62e0-4567-b9ca-a7179d202217,2022-09-12 08:27:01,НС,ORG-B,Буровая 4,Синтетическое описание инцидента 448,Синтетическая причина,Открытое
5c13ce2d-8110-4db9-a1f3-c3fd30435fc7,2023-02-15 12:31:07,опасная ситуация,ORG-D,Цех 1,Синтетическое описание инцидента 449,Синтетическая причина,Открытое
a331a6a7-86ea-4975-90a4-05212912909e,2023-10-05 02:12:03,микротравма,ORG-C,Офис,Синтетическое описание инцидента 450,Синтетическая причина,закрытое
f3e495a9-fbfc-4c96-8db5-58ea6adfb034,2023-03-25 22:10:24,опасная ситуация,ORG-C,Площадка 2,Синтетическое описание инцидента 451,Синтетическая причина,Открытое
1b727cb5-adb9-4fc8-b5e7-784e9dc54b34,2022-07-01 05:30:51,НС,ORG-C,Офис,Синтетическое описание инцидента 452,Синтетическая причина,закрытое
3b3a73d0-aefe-4c56-b351-9cf32a50ab86,2022-08-21 20:56:28,микротравма,ORG-D,Площадка 2,Синтетическое описание инцидента 453,Синтетическая причина,Открытое
75642647-06f1-4c8d-8881-ba14422e3497,2021-01-04 12:08:25,микротравма,ORG-A,Площадка 2,Синтетическое описание инцидента 454,Синтетическая причина,закрытое
9b4dffbb-fde2-4c79-ba6c-db54b593f69d,2021-12-04 17:28:18,опасная ситуация,ORG-B,Буровая 4,Синтетическое описание инцидента 455,Синтетическая причина,расследуется
100028bb-6224-4cf3-8aae-2fc6a9a259e5,2023-08-18 09:45:03,микротравма,ORG-C,Цех 1,Синтетическое описание инцидента 456,Синтетическая причина,Открытое
f639e9e4-54cf-4ee1-bf4f-f59c041ab4ad,2022-10-27 12:56:38,микротравма,ORG-D,Склад,Синтетическое описание инцидента 457,Синтетическая причина,закрытое
1e03dbb6-277e-420d-ad3e-504b6e9510de,2023-12-05 07:30:30,микротравма,ORG-B,Офис,Синтетическое описание инцидента 458,Синтетическая причина,Открытое
337a09ee-b3db-47ee-a974-1112127666af,2021-09-10 21:29:29,микротравма,ORG-B,Площадка 2,Синтетическое описание инцидента 459,Синтетическая причина,расследуется
b43e4819-efed-4aa0-b362-c8c98560b49b,2021-12-05 00:12:32,опасная ситуация,ORG-C,Буровая 4,Синтетическое описание инцидента 460,Синтетическая причина,расследуется
3efa5de6-a20e-486b-b7ca-e820733ac9c2,2021-03-07 16:37:11,микротравма,ORG-B,Офис,Синтетическое описание инцидента 461,Синтетическая причина,закрытое
457be1bd-fffb-42b9-988b-b50eabcf4b25,2022-12-11 18:59:30,микротравма,ORG-D,Площадка 2,Синтетическое описание инцидента 462,Синтетическая причина,закрытое
ad4e2c36-b98a-4876-ad38-d838552d9748,2021-06-21 13:08:55,НС,ORG-C,Цех 1,Синтетическое описание инцидента 463,Синтетическая причина,Открытое
f2c732c3-1f9a-4e2d-9223-cdf940bf72d1,2023-01-12 21:03:36,микротравма,ORG-B,Буровая 4,Синтетическое описание инцидента 464,Синтетическая причина,Открытое
f64593f3-1962-4591-8880-884fdb708571,2023-09-30 04:47:41,опасная ситуация,ORG-B,Офис,Синтетическое описание инцидента 465,Синтетическая причина,закрытое
0e868ba3-b534-40bb-915e-8c04aef4a966,2021-02-26 05:24:33,микротравма,ORG-D,Буровая 4,Синтетическое описание инцидента 466,Синтетическая причина,Открытое
9e4074a7-1989-46e1-8d1a-7e81ef8eba28,2021-06-03 15:42:35,НС,ORG-A,Площадка 2,Синтетическое описание инцидента 467,Синтетическая причина,расследуется
f1933eb0-b72d-4874-822a-92ab117b97a0,2023-11-14 03:28:02,микротравма,ORG-B,Цех 1,Синтетическое описание инцидента 468,Синтетическая причина,закрытое
e89c1c30-40bf-4ac0-ae45-68969ee271dd,2021-11-21 13:37:10,микротравма,ORG-B,Офис,Синтетическое описание инцидента 469,Синтетическая причина,Открытое
3f505d9b-b534-43de-a0c5-dcfacc60dc54,2022-07-10 16:32:51,опасная ситуация,ORG-C,Площадка 2,Синтетическое описание инцидента 470,Синтетическая причина,расследуется
499b4488-468f-45c6-93ca-0a7ecc24159d,2022-05-10 11:36:57,опасная ситуация,ORG-D,Буровая 4,Синтетическое описание инцидента 471,Синтетическая причина,Открытое
dc0d761f-f268-4e2a-ae1a-af9a45a591ae,2021-01-13 15:29:44,опасная ситуация,ORG-C,Цех 1,Синтетическое описание инцидента 472,Синтетическая причина,Открытое
5ed0244c-5519-4fee-8603-9f227d795748,2021-04-22 13:19:59,опасная ситуация,ORG-D,Склад,Синтетическое описание инцидента 473,Синтетическая причина,закрытое
730155d1-aea0-42f1-99fa-312a92846db1,2023-04-10 09:39:14,НС,ORG-B,Цех 1,Синтетическое описание инцидента 474,Синтетическая причина,Открытое
a926d9df-1ccf-4e3b-bfbc-ebf028defd19,2021-02-12 15:03:04,опасная ситуация,ORG-A,Цех 1,Синтетическое описание инцидента 475,Синтетическая причина,расследуется
3615e443-04ea-44bb-9135-c9624bd89bff,2021-12-18 02:26:55,опасная ситуация,ORG-D,Площадка 2,Синтетическое описание инцидента 476,Синтетическая причина,расследуется
79b2507a-0d32-4fec-82af-fb1c2eaea665,2023-09-11 17:23:48,микротравма,ORG-C,Площадка 2,Синтетическое описание инцидента 477,Синтетическая причина,расследуется
08749068-7338-48a4-973e-85d61f2c60c6,2023-09-20 18:41:51,опасная ситуация,ORG-B,Склад,Синтетическое описание инцидента 478,Синтетическая причина,расследуется
e06e47dc-ca7b-453f-b881-d5002279855a,2021-10-21 07:48:46,микротравма,ORG-C,Площадка 2,Синтетическое описание инцидента 479,Синтетическая причина,закрытое
a13d006f-4b72-4655-aba3-61794781193e,2022-03-14 07:05:32,микротравма,ORG-B,Буровая 4,Синтетическое описание инцидента 480,Синтетическая причина,закрытое
41be26c3-05ca-4ea0-8169-b6887d4c0e03,2021-10-02 09:31:02,опасная ситуация,ORG-B,Площадка 2,Синтетическое описание инцидента 481,Синтетическая причина,закрытое
4c2793ad-24ae-4d42-ba74-28ff98625353,2021-02-03 14:01:35,опасная ситуация,ORG-B,Цех 1,Синтетическое описание инцидента 482,Синтетическая причина,закрытое
1cb75835-21c8-497a-9e45-ac3b1159faa6,2023-10-02 10:45:04,опасная ситуация,ORG-A,Буровая 4,Синтетическое описание инцидента 483,Синтетическая причина,закрытое
54d2645d-7812-49c4-b52d-fe7486e8eeb4,2022-05-18 05:02:02,опасная ситуация,ORG-B,Буровая 4,Синтетическое описание инцидента 484,Синтетическая причина,закрытое
277c0dfd-44c3-431c-9abc-cd789cef3a97,2023-03-22 18:36:41,опасная ситуация,ORG-B,Площадка 2,Синтетическое описание инцидента 485,Синтетическая причина,расследуется
58552a4a-9a7b-409e-95a3-d02b8f5787b3,2022-01-17 09:16:22,микротравма,ORG-D,Площадка 2,Синтетическое описание инцидента 486,Синтетическая причина,расследуется
663682a8-f7b3-49ce-ac84-33a6046d89ec,2023-02-02 00:36:13,опасная ситуация,ORG-B,Склад,Синтетическое описание инцидента 487,Синтетическая причина,закрытое
679411b8-6f56-47d8-b57f-7e65577c8b89,2021-01-02 18:02:51,НС,ORG-D,Склад,Синтетическое описание инцидента 488,Синтетическая причина,закрытое
e59daba1-8eca-4fb2-973c-0bd708193b57,2022-05-14 19:24:18,НС,ORG-B,Офис,Синтетическое описание инцидента 489,Синтетическая причина,Открытое
e2155e23-7427-494a-a4e6-b35997d26fab,2022-04-29 22:27:53,микротравма,ORG-D,Цех 1,Синтетическое описание инцидента 490,Синтетическая причина,закрытое
59b00eae-9a0a-463a-9909-b3b19f16c236,2022-05-09 11:55:17,микротравма,ORG-B,Буровая 4,Синтетическое описание инцидента 491,Синтетическая причина,Открытое
a87b5edc-fa56-4b00-b84c-5528a77e05a7,2022-11-30 02:40:59,опасная ситуация,ORG-A,Офис,Синтетическое описание инцидента 492,Синтетическая причина,расследуется
8a0ca2a6-13ab-44b1-85cb-e99d4be30683,2021-04-02 08:48:37,микротравма,ORG-D,Буровая 4,Синтетическое описание инцидента 493,Синтетическая причина,Открытое
cc837157-ce02-47a0-bf36-77aa35bfa0b1,2023-11-11 04:39:01,опасная ситуация,ORG-D,Склад,Синтетическое описание инцидента 494,Синтетическая причина,Открытое
ff6aad52-271e-437d-8bce-ac7bd0f99b96,2022-07-07 17:17:17,НС,ORG-B,Цех 1,Синтетическое описание инцидента 495,Синтетическая причина,расследуется
462e57fd-bddc-4d3d-a6f8-76512d4be42b,2022-08-21 02:16:41,НС,ORG-B,Цех 1,Синтетическое описание инцидента 496,Синтетическая причина,закрытое
f37a9ac1-7df9-4826-9127-3921fdfcf08b,2022-06-29 02:27:07,микротравма,ORG-A,Буровая 4,Синтетическое описание инцидента 497,Синтетическая причина,Открытое
8df6c7cc-d967-4f9e-91ea-cd633f9f07fe,2022-03-30 18:46:27,микротравма,ORG-A,Офис,Синтетическое описание инцидента 498,Синтетическая причина,расследуется
544eeb58-7baf-4bf4-98a8-e0ce802da029,2022-12-01 07:47:16,микротравма,ORG-C,Буровая 4,Синтетическое описание инцидента 499,Синтетическая причина,Открытое
3ec89c94-2203-4b58-9870-a82ab4b7f025,2021-07-31 12:11:51,НС,ORG-A,Склад,Синтетическое описание инцидента 500,Синтетическая причина,Открытое
f5e41f8e-0071-429c-b16a-1d233a74773f,2021-10-22 03:49:50,опасная ситуация,ORG-A,Площадка 2,Синтетическое описание инцидента 501,Синтетическая причина,Открытое
6ce7412a-a796-472b-af86-681c6d4d24a6,2023-07-06 20:10:36,НС,ORG-B,Офис,Синтетическое описание инцидента 502,Синтетическая причина,закрытое
dff3a04a-15a8-4194-9167-a08c8fffd21a,2023-06-19 06:44:03,микротравма,ORG-B,Склад,Синтетическое описание инцидента 503,Синтетическая причина,Открытое
5ac47f12-1bf8-4f4b-a58b-3f5d6a9d13cc,2022-05-07 22:06:28,НС,ORG-D,Цех 1,Синтетическое описание инцидента 504,Синтетическая причина,Открытое
69faaba7-5279-488d-bca2-1b02152c9333,2023-04-05 09:32:32,опасная ситуация,ORG-A,Площадка 2,Синтетическое описание инцидента 505,Синтетическая причина,закрытое
de14f7b1-94dc-4b8e-86b5-920ab5e12622,2023-04-21 05:44:43,опасная ситуация,ORG-B,Склад,Синтетическое описание инцидента 506,Синтетическая причина,закрытое
94620313-68eb-419a-a3be-1599be43faca,2023-12-23 13:34:35,микротравма,ORG-C,Площадка 2,Синтетическое описание инцидента 507,Синтетическая причина,Открытое
2fb35d58-c226-456f-8f3b-888dc979147e,2023-05-24 04:52:13,НС,ORG-B,Площадка 2,Синтетическое описание инцидента 508,Синтетическая причина,расследуется
4445a7d0-6933-4308-ab22-18900774fa3a,2021-12-26 07:47:15,НС,ORG-A,Цех 1,Синтетическое описание инцидента 509,Синтетическая причина,закрытое
7ed6417a-51e7-4e4b-8233-f192bc756a54,2022-07-29 23:21:39,микротравма,ORG-B,Буровая 4,Синтетическое описание инцидента 510,Синтетическая причина,Открытое
a6f6f29d-5714-4702-9796-2bab03689dc6,2021-07-17 01:20:07,НС,ORG-B,Площадка 2,Синтетическое описание инцидента 511,Синтетическая причина,расследуется
7dff9a41-3a69-4789-b328-229b35cecb17,2022-03-06 05:26:34,НС,ORG-D,Площадка 2,Синтетическое описание инцидента 512,Синтетическая причина,Открытое
d4b979fd-6f20-4464-b73b-968207d3ebb5,2021-09-05 15:13:47,микротравма,ORG-B,Площадка 2,Синтетическое описание инцидента 513,Синтетическая причина,расследуется
1678e1aa-7bc4-4744-a42c-4e9dedc2ded2,2022-05-24 13:31:23,НС,ORG-C,Склад,Синтетическое описание инцидента 514,Синтетическая причина,закрытое
4c778b0a-da40-4920-b340-e3905e8392cb,2023-01-15 13:46:43,микротравма,ORG-A,Буровая 4,Синтетическое описание инцидента 515,Синтетическая причина,расследуется
d7d05f14-bc92-4889-8c62-54d374323736,2023-09-27 11:25:49,микротравма,ORG-B,Склад,Синтетическое описание инцидента 516,Синтетическая причина,Открытое
5eda505d-0785-4066-8257-0aae9e2f1ce6,2023-07-12 09:39:41,опасная ситуация,ORG-A,Буровая 4,Синтетическое описание инцидента 517,Синтетическая причина,расследуется
f492821f-b948-44db-af36-85d90a911e29,2023-04-08 05:54:04,микротравма,ORG-C,Буровая 4,Синтетическое описание инцидента 518,Синтетическая причина,расследуется
1836063d-e564-443f-8a8c-eecfcf1e32ee,2022-06-16 11:00:44,микротравма,ORG-C,Площадка 2,Синтетическое описание инцидента 519,Синтетическая причина,расследуется
63e1853a-ad1f-4c24-a377-ce8047e10bbd,2022-09-18 11:07:58,опасная ситуация,ORG-C,Цех 1,Синтетическое описание инцидента 520,Синтетическая причина,расследуется
5f7d441b-29fc-4097-a541-42f9a9fa28a1,2023-09-11 10:44:52,НС,ORG-A,Буровая 4,Синтетическое описание инцидента 521,Синтетическая причина,Открытое
4e2d2d53-da24-4c04-97e5-0cca0b2fac24,2023-04-22 12:58:02,микротравма,ORG-C,Цех 1,Синтетическое описание инцидента 522,Синтетическая причина,Открытое
02c13108-bfc0-4e0a-ac50-d74eef212f96,2021-02-28 06:36:30,НС,ORG-C,Площадка 2,Синтетическое описание инцидента 523,Синтетическая причина,закрытое
4081b8d5-8cd5-4fc3-8272-6099a96d5217,2021-11-26 05:01:01,микротравма,ORG-C,Склад,Синтетическое описание инцидента 524,Синтетическая причина,закрытое
9c7b1c01-17a8-4790-872c-753e97b80b58,2022-08-22 04:19:16,НС,ORG-B,Цех 1,Синтетическое описание инцидента 525,Синтетическая причина,расследуется
4b9a8c47-b549-4b43-ae52-fbba91226bc0,2022-08-26 07:41:31,микротравма,ORG-C,Склад,Синтетическое описание инцидента 526,Синтетическая причина,закрытое
ee3def7e-5558-4d62-8547-15dc8389dcfc,2022-05-21 12:25:43,микротравма,ORG-B,Офис,Синтетическое описание инцидента 527,Синтетическая причина,закрытое
8d34fdb0-b0d3-4ee0-bc38-2a439e206f94,2023-06-01 18:45:46,НС,ORG-A,Склад,Синтетическое описание инцидента 528,Синтетическая причина,Открытое
a7c3a90d-82cc-4421-b01e-339738905324,2021-02-21 11:51:59,микротравма,ORG-B,Склад,Синтетическое описание инцидента 529,Синтетическая причина,закрытое
d69df0d8-b1bb-4966-a0c3-f37c1232950f,2023-03-26 02:51:31,опасная ситуация,ORG-C,Офис,Синтетическое описание инцидента 530,Синтетическая причина,закрытое
91e9ec3e-8c17-407b-9fff-45e6383bf649,2023-03-05 22:43:08,опасная ситуация,ORG-C,Буровая 4,Синтетическое описание инцидента 531,Синтетическая причина,Открытое
ac64b09f-1a21-4b02-bb6e-8540a174bc5f,2023-05-28 11:31:41,микротравма,ORG-B,Склад,Синтетическое описание инцидента 532,Синтетическая причина,закрытое
5b70d4ef-7afe-4ef9-9b8b-c9d55593ae15,2022-08-08 00:07:36,микротравма,ORG-C,Склад,Синтетическое описание инцидента 533,Синтетическая причина,Открытое
20faaa62-b168-4eff-a943-dbdc74b4770d,2023-06-21 19:08:57,НС,ORG-C,Склад,Синтетическое описание инцидента 534,Синтетическая причина,расследуется
0ffd3bc6-18f7-484e-9947-53403ace750d,2023-01-22 20:26:41,опасная ситуация,ORG-D,Офис,Синтетическое описание инцидента 535,Синтетическая причина,расследуется
3dead864-b8dd-4742-bec7-6ef8f7fa91d0,2022-11-10 21:33:25,опасная ситуация,ORG-D,Цех 1,Синтетическое описание инцидента 536,Синтетическая причина,закрытое
0f3c4620-b882-46ab-b259-61e4544a146e,2021-12-27 13:06:05,опасная ситуация,ORG-C,Склад,Синтетическое описание инцидента 537,Синтетическая причина,расследуется
146909c5-9f52-4fb2-b164-9d58344daa5b,2022-09-30 19:34:14,микротравма,ORG-C,Площадка 2,Синтетическое описание инцидента 538,Синтетическая причина,расследуется
b9453637-7641-46ff-95f7-b3a621ead21a,2022-08-01 07:36:36,опасная ситуация,ORG-A,Площадка 2,Синтетическое описание инцидента 539,Синтетическая причина,Открытое
817921f2-d129-495c-aeeb-98463448d5b6,2023-03-07 13:27:36,опасная ситуация,ORG-B,Площадка 2,Синтетическое описание инцидента 540,Синтетическая причина,расследуется
d05b6387-7366-4ed6-9059-8baeb1f25e3a,2021-07-23 07:29:35,микротравма,ORG-C,Склад,Синтетическое описание инцидента 541,Синтетическая причина,расследуется
c549c8eb-587d-4d0e-84da-fe96042c8a4b,2023-07-29 15:55:03,НС,ORG-A,Склад,Синтетическое описание инцидента 542,Синтетическая причина,закрытое
fee67075-8621-41c7-8f5a-0fdd790e6eb2,2021-11-12 09:55:34,опасная ситуация,ORG-B,Цех 1,Синтетическое описание инцидента 543,Синтетическая причина,расследуется
b60083df-a7c3-4ed5-ac55-9de0edb2ed4e,2023-07-27 22:48:06,микротравма,ORG-B,Склад,Синтетическое описание инцидента 544,Синтетическая причина,Открытое
5fbcd616-94a1-44a3-abe3-7c018d8a22a1,2022-11-10 22:21:52,опасная ситуация,ORG-C,Площадка 2,Синтетическое описание инцидента 545,Синтетическая причина,Открытое
54d31893-6749-4b38-a2aa-699841bc0a69,2021-04-25 22:55:26,НС,ORG-D,Буровая 4,Синтетическое описание инцидента 546,Синтетическая причина,расследуется
2dfeeb45-a2c3-41ee-a713-c2290acd7725,2023-03-17 14:41:02,опасная ситуация,ORG-A,Офис,Синтетическое описание инцидента 547,Синтетическая причина,Открытое
87916a9d-917c-4c11-a7a4-0c0b22ec07ba,2022-02-06 10:59:10,опасная ситуация,ORG-B,Площадка 2,Синтетическое описание инцидента 548,Синтетическая причина,закрытое
5047512f-0940-4b99-9782-549656388ab5,2023-09-30 04:38:46,опасная ситуация,ORG-D,Цех 1,Синтетическое описание инцидента 549,Синтетическая причина,расследуется
1801f52c-369f-4c1c-801c-8a0b09847324,2021-03-22 00:46:34,опасная ситуация,ORG-D,Цех 1,Синтетическое описание инцидента 550,Синтетическая причина,закрытое
150f7bab-a0b9-4950-97ca-dbdd8124ba11,2021-11-20 01:14:39,НС,ORG-C,Склад,Синтетическое описание инцидента 551,Синтетическая причина,закрытое
2fb14f12-2e5d-4bf0-9a91-2b4a8e049afe,2023-02-22 01:21:51,микротравма,ORG-D,Офис,Синтетическое описание инцидента 552,Синтетическая причина,расследуется
f3f50130-e553-4d82-86e5-1c7d8445a120,2023-01-20 11:12:17,опасная ситуация,ORG-B,Цех 1,Синтетическое описание инцидента 553,Синтетическая причина,закрытое
759f8428-cc63-4c5c-b3b6-f5ff5fac093a,2023-08-17 06:09:06,НС,ORG-A,Цех 1,Синтетическое описание инцидента 554,Синтетическая причина,расследуется
e957afad-a5f3-4f51-b687-a1d90fe6214e,2022-02-24 08:12:09,НС,ORG-D,Буровая 4,Синтетическое описание инцидента 555,Синтетическая причина,расследуется
e249ed09-fd9e-4109-9e69-8fcf44bc5e50,2021-11-19 11:04:34,НС,ORG-B,Площадка 2,Синтетическое описание инцидента 556,Синтетическая причина,Открытое
9d0f254d-0399-49d6-8a94-6d0286e60ec5,2022-02-23 13:01:50,опасная ситуация,ORG-D,Офис,Синтетическое описание инцидента 557,Синтетическая причина,закрытое
2a7d5660-091e-43ed-8e54-91144bf7cdb3,2022-04-20 00:45:30,НС,ORG-D,Офис,Синтетическое описание инцидента 558,Синтетическая причина,расследуется
44576415-e377-4731-b4c3-c04559aa2cbf,2023-03-16 16:32:28,опасная ситуация,ORG-B,Буровая 4,Синтетическое описание инцидента 559,Синтетическая причина,Открытое
a771ad01-c1f7-4ea9-9147-1607942bf74a,2022-07-29 23:51:45,опасная ситуация,ORG-C,Офис,Синтетическое описание инцидента 560,Синтетическая причина,закрытое
dfbc315d-c6d7-43af-a639-fb32b9e54c70,2021-10-26 12:46:56,опасная ситуация,ORG-A,Площадка 2,Синтетическое описание инцидента 561,Синтетическая причина,закрытое
7ef9f965-9ef9-41ee-b097-3dfc006b9087,2023-05-23 12:08:00,микротравма,ORG-C,Склад,Синтетическое описание инцидента 562,Синтетическая причина,закрытое
430a3d32-01be-4c28-b275-48b25496e71f,2023-03-12 16:39:16,микротравма,ORG-A,Офис,Синтетическое описание инцидента 563,Синтетическая причина,Открытое
41435b9c-dce6-4d44-900a-a95e18e1a5b8,2023-04-25 12:32:41,микротравма,ORG-A,Буровая 4,Синтетическое описание инцидента 564,Синтетическая причина,закрытое
92b41513-675a-403b-9239-7f5d1767c37a,2022-04-17 13:29:12,микротравма,ORG-A,Офис,Синтетическое описание инцидента 565,Синтетическая причина,Открытое
009c7a70-c3b9-4f72-9346-c9b3f0b0b87b,2023-09-04 22:11:33,опасная ситуация,ORG-D,Буровая 4,Синтетическое описание инцидента 566,Синтетическая причина,расследуется
49390be3-ea55-4aa4-8ba6-551e0b86bbb6,2022-04-23 08:48:55,опасная ситуация,ORG-B,Площадка 2,Синтетическое описание инцидента 567,Синтетическая причина,Открытое
5c5a6df2-8021-49b8-aeef-7fcb5821f610,2022-11-29 13:12:37,НС,ORG-C,Склад,Синтетическое описание инцидента 568,Синтетическая причина,закрытое
dc1b4754-ae22-4f9d-a051-05220fb64453,2023-09-16 07:51:42,НС,ORG-A,Цех 1,Синтетическое описание инцидента 569,Синтетическая причина,Открытое
94c64670-e078-4f5a-8a41-d741c9319430,2022-05-24 06:00:32,микротравма,ORG-D,Площадка 2,Синтетическое описание инцидента 570,Синтетическая причина,Открытое
3ceb782c-365c-4766-8b8c-d18c2b462465,2022-12-06 23:09:06,НС,ORG-D,Склад,Синтетическое описание инцидента 571,Синтетическая причина,расследуется
5cab3839-f61d-47ed-b0ff-079dad77913e,2021-09-25 09:18:29,микротравма,ORG-A,Площадка 2,Синтетическое описание инцидента 572,Синтетическая причина,Открытое
5e3189b0-f880-4410-956e-4ab17e162f25,2022-11-26 07:24:53,опасная ситуация,ORG-B,Склад,Синтетическое описание инцидента 573,Синтетическая причина,расследуется
a4e23461-5f60-4726-b438-bd569044c1fe,2022-05-26 09:57:11,НС,ORG-B,Цех 1,Синтетическое описание инцидента 574,Синтетическая причина,закрытое
fdbd1c42-9c2c-4c7f-bb8e-1c749521103e,2023-04-04 04:02:01,микротравма,ORG-B,Буровая 4,Синтетическое описание инцидента 575,Синтетическая причина,закрытое
8657b3b8-1dd1-427d-b4f3-bbaa958baf46,2023-12-17 21:54:29,микротравма,ORG-D,Цех 1,Синтетическое описание инцидента 576,Синтетическая причина,расследуется
5ce67322-21f6-4187-b33f-e851c03561b3,2022-07-12 20:07:47,НС,ORG-C,Склад,Синтетическое описание инцидента 577,Синтетическая причина,Открытое
92d7656c-0d86-485b-88bb-d0bdf80437f6,2022-10-15 12:59:48,НС,ORG-A,Офис,Синтетическое описание инцидента 578,Синтетическая причина,закрытое
80ce6f36-06dd-4de7-9cf8-5edc3d09fa9f,2021-06-24 21:17:54,НС,ORG-B,Офис,Синтетическое описание инцидента 579,Синтетическая причина,Открытое
90185877-2406-4e21-9a94-e3a937c6b0ba,2022-12-22 17:41:15,микротравма,ORG-B,Буровая 4,Синтетическое описание инцидента 580,Синтетическая причина,закрытое
345a7dc0-a443-4903-a357-d47fa6cd1516,2021-06-04 21:39:54,НС,ORG-D,Офис,Синтетическое описание инцидента 581,Синтетическая причина,расследуется
fa9c518f-28d4-4af5-81bb-1586e23d93e1,2022-06-25 05:50:48,НС,ORG-A,Буровая 4,Синтетическое описание инцидента 582,Синтетическая причина,закрытое
07a82051-5f9a-4efb-b25f-44e6c1459022,2021-03-17 16:49:34,микротравма,ORG-C,Цех 1,Синтетическое описание инцидента 583,Синтетическая причина,Открытое
37f17033-3ae9-4c7a-b981-c6310e1cf1e2,2023-11-09 02:25:57,НС,ORG-A,Офис,Синтетическое описание инцидента 584,Синтетическая причина,расследуется
77213d0f-fd30-4ce3-84c9-3dad7c9f86c5,2022-10-19 04:42:18,микротравма,ORG-A,Буровая 4,Синтетическое описание инцидента 585,Синтетическая причина,закрытое
e0e4c452-7cdf-4de5-9e4e-8a3c425aaecc,2023-06-05 06:10:34,опасная ситуация,ORG-C,Площадка 2,Синтетическое описание инцидента 586,Синтетическая причина,расследуется
ea28a375-4b20-4d2b-a589-9954f16fc233,2022-06-05 00:19:38,опасная ситуация,ORG-A,Буровая 4,Синтетическое описание инцидента 587,Синтетическая причина,закрытое
70058596-6c1c-428d-a89b-96d1d858ea8d,2023-05-10 12:48:36,НС,ORG-D,Цех 1,Синтетическое описание инцидента 588,Синтетическая причина,закрытое
b4f317db-faed-4f91-86de-2776878336cb,2023-09-13 04:56:25,НС,ORG-D,Буровая 4,Синтетическое описание инцидента 589,Синтетическая причина,закрытое
7bae9e1d-dc5c-4713-8256-7edc4b47b2b5,2023-02-14 12:54:22,опасная ситуация,ORG-D,Площадка 2,Синтетическое описание инцидента 590,Синтетическая причина,Открытое
e1c21f1f-49dd-459f-8aea-35e06f560971,2023-01-19 14:28:13,микротравма,ORG-C,Офис,Синтетическое описание инцидента 591,Синтетическая причина,расследуется
a76c383e-d4d1-453c-8e01-b4bca555bb42,2022-05-18 19:09:33,микротравма,ORG-B,Площадка 2,Синтетическое описание инцидента 592,Синтетическая причина,закрытое
360cd510-e494-4986-9813-895756ea6517,2023-11-16 13:26:48,микротравма,ORG-A,Офис,Синтетическое описание инцидента 593,Синтетическая причина,расследуется
9b2ccc17-8230-4b1b-9e7f-36f1b2ed2bee,2023-12-18 15:43:34,микротравма,ORG-A,Офис,Синтетическое описание инцидента 594,Синтетическая причина,закрытое
e854b644-7bd7-4000-b765-1ed0847b0f61,2023-01-08 06:24:52,опасная ситуация,ORG-A,Цех 1,Синтетическое описание инцидента 595,Синтетическая причина,Открытое
e9ba519c-8ad8-4b72-bd7b-8bebf403047a,2023-01-07 07:13:46,НС,ORG-D,Цех 1,Синтетическое описание инцидента 596,Синтетическая причина,расследуется
4dfb0d8f-b5db-4b72-a45a-39840c1d16df,2022-03-11 05:32:41,НС,ORG-A,Цех 1,Синтетическое описание инцидента 597,Синтетическая причина,Открытое
882ba947-d8db-4f30-98f8-3a6af0d9b58a,2022-09-16 04:16:00,опасная ситуация,ORG-B,Цех 1,Синтетическое описание инцидента 598,Синтетическая причина,Открытое
d7b5bcb7-2121-40a2-96d4-641dd568f81a,2022-03-19 23:52:09,микротравма,ORG-B,Площадка 2,Синтетическое описание инцидента 599,Синтетическая причина,Открытое
